{
  "timestamp": 1763755453.3736944,
  "iteration": 4,
  "total_iterations": 5,
  "progress": 0.8,
  "elapsed_hours": 4.029765559766028,
  "eta_hours": 1.007441389941507,
  "eta_days": 0.04197672458089612,
  "phase": "rounds",
  "mcts_config": "5\u00d750",
  "elo": 1000,
  "elo_change": 0,
  "learning_rate": 0.0009998578851774847,
  "loss": 4.012252912307397,
  "policy_loss": 3.883475863780731,
  "value_loss": 0.12877704673566115,
  "training_units_generated": null,
  "unit_type": "rounds",
  "pi_target_tau": null
}