num_workers,mcts_config,num_determinizations,simulations_per_det,total_sims_per_move,num_games,elapsed_time_sec,games_per_minute,seconds_per_game,num_examples,examples_per_minute,cpu_percent
32,light,2,20,40,10,31.472800493240356,19.064080431255757,3.147280049324036,240,457.53793035013814,4.05
32,medium,3,30,90,10,54.034212589263916,11.104075940938468,5.403421258926391,240,266.49782258252327,2.35
32,heavy,5,50,250,10,147.12243485450745,4.078235930457193,14.712243485450745,240,97.87766233097264,1.55
