num_workers,mcts_config,num_determinizations,simulations_per_det,total_sims_per_move,num_games,elapsed_time_sec,games_per_minute,seconds_per_game,num_examples,examples_per_minute,cpu_percent
1,medium,3,30,90,10,114.9966630935669,5.2175426995808625,11.499666309356689,240,125.2210247899407,3.9000000000000004
8,medium,3,30,90,10,39.991562604904175,15.00316469070458,3.9991562604904174,240,360.0759525769099,1.3
16,medium,3,30,90,10,31.888843059539795,18.815358051081922,3.1888843059539793,240,451.56859322596614,1.2999999999999998
