{
  "workers": 32,
  "determinization": {
    "sample_determinization_calls": 45484,
    "samples_succeeded": 2250,
    "attempts_total": 4341679,
    "sample_determinization_total_sec": 713.4340598930289,
    "validate_calls": 4341679,
    "validate_total_sec": 10.04196073002413,
    "avg_attempts_per_call": 95.45508310614721,
    "avg_attempts_per_success": 1929.6351111111112,
    "avg_sample_ms": 15.685385188044783,
    "avg_validate_ms": 0.0023129210450666964
  },
  "node": {
    "simulate_action_calls": 8580,
    "simulate_action_total_sec": 4.1931423579906095,
    "avg_simulate_action_ms": 0.4887112305350361
  },
  "batch_evaluator": {
    "total_requests": 79800,
    "total_batches": 2890,
    "total_batch_size": 79800,
    "min_batch_size": 1,
    "max_batch_size": 30,
    "total_infer_time_ms": 21513.762712478638,
    "avg_batch_size": 27.612456747404845,
    "avg_infer_per_item_us": 269.5960239658977
  }
}