{
  "workers": 32,
  "determinization": {
    "sample_determinization_calls": 3602,
    "samples_succeeded": 3602,
    "attempts_total": 3602,
    "sample_determinization_total_sec": 0.8707216800041806,
    "validate_calls": 3602,
    "validate_total_sec": 0.021446517012918775,
    "avg_attempts_per_call": 1.0,
    "avg_attempts_per_success": 1.0,
    "avg_sample_ms": 0.24173283731376474,
    "avg_validate_ms": 0.005954058026906934
  },
  "node": {
    "simulate_action_calls": 9978,
    "simulate_action_total_sec": 3.600226371017925,
    "avg_simulate_action_ms": 0.36081643325495344
  },
  "batch_evaluator": {
    "total_requests": 108000,
    "total_batches": 3731,
    "total_batch_size": 108000,
    "min_batch_size": 1,
    "max_batch_size": 30,
    "total_infer_time_ms": 28208.91547203064,
    "avg_batch_size": 28.946663093004556,
    "avg_infer_per_item_us": 261.1936617780615
  }
}