{
  "workers": 10,
  "determinization": {
    "sample_determinization_calls": 720,
    "samples_succeeded": 720,
    "attempts_total": 720,
    "sample_determinization_total_sec": 0.13264599899889618,
    "validate_calls": 720,
    "validate_total_sec": 0.0035311779990934156,
    "avg_attempts_per_call": 1.0,
    "avg_attempts_per_success": 1.0,
    "avg_sample_ms": 0.1842305541651336,
    "avg_validate_ms": 0.004904413887629744
  },
  "node": {
    "simulate_action_calls": 1929,
    "simulate_action_total_sec": 0.5237664589972155,
    "avg_simulate_action_ms": 0.27152227008668506
  },
  "batch_evaluator": {
    "total_requests": 21600,
    "total_batches": 730,
    "total_batch_size": 21600,
    "min_batch_size": 1,
    "max_batch_size": 30,
    "total_infer_time_ms": 3128.9525032043457,
    "avg_batch_size": 29.589041095890412,
    "avg_infer_per_item_us": 144.85891218538637
  }
}