{
  "workers": 10,
  "determinization": {
    "sample_determinization_calls": 721,
    "samples_succeeded": 721,
    "attempts_total": 721,
    "sample_determinization_total_sec": 0.126525990000232,
    "validate_calls": 721,
    "validate_total_sec": 0.003336908000846961,
    "avg_attempts_per_call": 1.0,
    "avg_attempts_per_success": 1.0,
    "avg_sample_ms": 0.17548680998645216,
    "avg_validate_ms": 0.004628166436680944
  },
  "node": {
    "simulate_action_calls": 2019,
    "simulate_action_total_sec": 0.5386335170007897,
    "avg_simulate_action_ms": 0.2667823263995986
  },
  "batch_evaluator": {
    "total_requests": 21600,
    "total_batches": 737,
    "total_batch_size": 21600,
    "min_batch_size": 1,
    "max_batch_size": 30,
    "total_infer_time_ms": 3030.5752754211426,
    "avg_batch_size": 29.308005427408414,
    "avg_infer_per_item_us": 140.304410899127
  }
}