{
  "workers": 32,
  "determinization": {
    "sample_determinization_calls": 3604,
    "samples_succeeded": 3604,
    "attempts_total": 3604,
    "sample_determinization_total_sec": 0.9073038920023464,
    "validate_calls": 3604,
    "validate_total_sec": 0.02374835901446204,
    "avg_attempts_per_call": 1.0,
    "avg_attempts_per_success": 1.0,
    "avg_sample_ms": 0.2517491376255123,
    "avg_validate_ms": 0.006589444787586581
  },
  "node": {
    "simulate_action_calls": 9996,
    "simulate_action_total_sec": 4.11835746106226,
    "avg_simulate_action_ms": 0.41200054632475586
  },
  "batch_evaluator": {
    "total_requests": 108000,
    "total_batches": 3755,
    "total_batch_size": 108000,
    "min_batch_size": 1,
    "max_batch_size": 30,
    "total_infer_time_ms": 26417.452573776245,
    "avg_batch_size": 28.761651131824234,
    "avg_infer_per_item_us": 244.60604234978007
  }
}