workers,num_determinizations,simulations_per_determinization,total_sims_per_move,games,use_parallel_expansion,parallel_batch_size,batch_timeout_ms,mode,cards_per_game,elapsed_seconds,games_per_minute,seconds_per_game,total_examples,examples_per_minute
32,3,30,90,50,True,25,10.0,mp,5,41.87028217315674,71.64986344236571,0.8374056434631347,1200,1719.5967226167772
32,3,30,90,50,True,30,10.0,mp,5,39.551220178604126,75.85101006878415,0.7910244035720825,1200,1820.4242416508193
32,3,30,90,50,True,35,10.0,mp,5,40.711904525756836,73.6885202239069,0.8142380905151367,1200,1768.5244853737659
32,3,30,90,50,True,40,10.0,mp,5,40.7440025806427,73.63046853490253,0.814880051612854,1200,1767.1312448376607
32,3,30,90,50,True,45,10.0,mp,5,43.54628610610962,68.89221259167483,0.8709257221221924,1200,1653.413102200196
32,3,30,90,50,True,50,10.0,mp,5,47.19781017303467,63.56227098252066,0.9439562034606933,1200,1525.494503580496
venv/bin/python benchmarks/performance/benchmark_session1_validation.py --sweep batch_size --batch-sizes "25,30,35,40,45,50" --games 50 --device cuda --mode mp --cards 5