workers,num_determinizations,simulations_per_determinization,total_sims_per_move,games,use_parallel_expansion,parallel_batch_size,batch_timeout_ms,mode,cards_per_game,elapsed_seconds,games_per_minute,seconds_per_game,total_examples,examples_per_minute
32,3,30,90,30,True,5,10.0,mp,5,30.012305974960327,59.975398141741074,1.0004101991653442,720,1439.4095554017856
32,3,30,90,30,True,10,10.0,mp,5,30.50379967689514,59.00904212150972,1.0167933225631713,720,1416.2170109162332
32,3,30,90,30,True,20,10.0,mp,5,28.35809850692749,63.47393142598349,0.9452699502309163,720,1523.3743542236034
32,3,30,90,30,True,40,10.0,mp,5,29.787940979003906,60.42713731938483,0.9929313659667969,720,1450.2512956652363
