workers,num_determinizations,simulations_per_determinization,total_sims_per_move,games,use_parallel_expansion,parallel_batch_size,batch_timeout_ms,mode,cards_per_game,elapsed_seconds,games_per_minute,seconds_per_game,total_examples,examples_per_minute
32,3,30,90,50,True,5,10.0,mp,5,50.840893030166626,59.00761810418907,1.0168178606033325,1200,1416.1828345005374
32,3,30,90,50,True,10,10.0,mp,5,47.17236280441284,63.59655996963032,0.9434472560882569,1200,1526.3174392711278
32,3,30,90,50,True,20,10.0,mp,5,56.104182958602905,53.4719488244501,1.1220836591720582,1200,1283.3267717868025
32,3,30,90,50,True,40,10.0,mp,5,46.46184158325195,64.56911516571066,0.929236831665039,1200,1549.658763977056
