{
  "workers": 20,
  "determinization": {
    "sample_determinization_calls": 82511,
    "samples_succeeded": 4512,
    "attempts_total": 7836735,
    "sample_determinization_total_sec": 4795.2290524210175,
    "validate_calls": 7836707,
    "validate_total_sec": 13.250883491717559,
    "avg_attempts_per_call": 94.97806353092315,
    "avg_attempts_per_success": 1736.8650265957447,
    "avg_sample_ms": 58.11623968223652,
    "avg_validate_ms": 0.00169087392085956
  },
  "node": {
    "simulate_action_calls": 382136,
    "simulate_action_total_sec": 111.54170666028585,
    "avg_simulate_action_ms": 0.2918900775124193
  },
  "batch_evaluator": {
    "total_requests": 15840,
    "total_batches": 541,
    "total_batch_size": 15840,
    "min_batch_size": 1,
    "max_batch_size": 30,
    "total_infer_time_ms": 2524.883031845093,
    "avg_batch_size": 29.279112754158966,
    "avg_infer_per_item_us": 159.3991813033518
  }
}