{
  "workers": 10,
  "determinization": {
    "sample_determinization_calls": 9624,
    "samples_succeeded": 428,
    "attempts_total": 923251,
    "sample_determinization_total_sec": 96.31660678799722,
    "validate_calls": 923251,
    "validate_total_sec": 1.2588454221347547,
    "avg_attempts_per_call": 95.93214879467996,
    "avg_attempts_per_success": 2157.128504672897,
    "avg_sample_ms": 10.007959973815172,
    "avg_validate_ms": 0.0013634920754320924
  },
  "node": {
    "simulate_action_calls": 1634,
    "simulate_action_total_sec": 0.5498938499981705,
    "avg_simulate_action_ms": 0.3365323439401288
  },
  "batch_evaluator": {
    "total_requests": 15540,
    "total_batches": 547,
    "total_batch_size": 15540,
    "min_batch_size": 1,
    "max_batch_size": 30,
    "total_infer_time_ms": 2874.4168281555176,
    "avg_batch_size": 28.409506398537477,
    "avg_infer_per_item_us": 184.9689078607154
  }
}