{
  "workers": 20,
  "determinization": {
    "sample_determinization_calls": 7308,
    "samples_succeeded": 7338,
    "attempts_total": 7308,
    "sample_determinization_total_sec": 1.9727022289932847,
    "validate_calls": 7338,
    "validate_total_sec": 0.0316027260099645,
    "avg_attempts_per_call": 1.0,
    "avg_attempts_per_success": 0.9959116925592805,
    "avg_sample_ms": 0.26993736028917414,
    "avg_validate_ms": 0.004306721996451962
  },
  "node": {
    "simulate_action_calls": 420807,
    "simulate_action_total_sec": 122.9883436418636,
    "avg_simulate_action_ms": 0.29226781788768624
  },
  "batch_evaluator": {
    "total_requests": 21600,
    "total_batches": 727,
    "total_batch_size": 21600,
    "min_batch_size": 1,
    "max_batch_size": 30,
    "total_infer_time_ms": 2662.1134281158447,
    "avg_batch_size": 29.711141678129298,
    "avg_infer_per_item_us": 123.24599204240023
  }
}