{
  "workers": 32,
  "determinization": {
    "sample_determinization_calls": 3603,
    "samples_succeeded": 3603,
    "attempts_total": 3603,
    "sample_determinization_total_sec": 0.8674912180043748,
    "validate_calls": 3603,
    "validate_total_sec": 0.021242941003947635,
    "avg_attempts_per_call": 1.0,
    "avg_attempts_per_success": 1.0,
    "avg_sample_ms": 0.24076914182747008,
    "avg_validate_ms": 0.005895903692463956
  },
  "node": {
    "simulate_action_calls": 9837,
    "simulate_action_total_sec": 3.562781170002154,
    "avg_simulate_action_ms": 0.36218167835744164
  },
  "batch_evaluator": {
    "total_requests": 108000,
    "total_batches": 3737,
    "total_batch_size": 108000,
    "min_batch_size": 1,
    "max_batch_size": 30,
    "total_infer_time_ms": 23695.73926925659,
    "avg_batch_size": 28.9001873160289,
    "avg_infer_per_item_us": 219.40499323385734
  }
}