num_workers,mcts_config,num_determinizations,simulations_per_det,total_sims_per_move,num_games,elapsed_time_sec,games_per_minute,seconds_per_game,num_examples,examples_per_minute,cpu_percent
32,light,2,20,40,5,27.376983642578125,10.958110064887652,5.475396728515625,120,262.9946415573037,4.55
32,medium,3,30,90,5,56.26716160774231,5.3317066549651635,11.253432321548463,120,127.9609597191639,0.55
32,heavy,5,50,250,5,150.9075288772583,1.9879723843600081,30.18150577545166,120,47.711337224640204,0.75
