num_workers,mcts_config,num_determinizations,simulations_per_det,total_sims_per_move,num_games,elapsed_time_sec,games_per_minute,seconds_per_game,num_examples,examples_per_minute,cpu_percent
32,light,2,20,40,20,14.850520610809326,80.80524794036849,0.7425260305404663,480,1939.3259505688434,4.9
32,medium,3,30,90,20,27.692958116531372,43.33231556377711,1.3846479058265686,480,1039.9755735306505,1.95
32,heavy,5,50,250,20,47.94635462760925,25.027971559468597,2.3973177313804626,480,600.6713174272464,2.95
