config,num_determinizations,simulations_per_det,total_sims_per_move,num_games,elapsed_time_sec,games_per_minute,seconds_per_game,num_examples,examples_per_minute
light,2,20,40,20,18.568031787872314,64.62720517226703,0.9284015893936157,320,1034.0352827562724
medium,3,30,90,20,37.78135323524475,31.761699813350436,1.8890676617622375,320,508.187197013607
heavy,5,50,250,20,79.97830963134766,15.004068047090328,3.9989154815673826,320,240.06508875344525
