config,num_games,elapsed_sec,games_per_min,avg_batch_size,speedup
Baseline (Sequential),5,46.93195986747742,6.392232518034941,1.0,1.0
Phase 1 (Intra-Game Batching),5,30.189740896224976,9.937150538364275,90.0,0.3105359543238836
