num_workers,mcts_config,num_determinizations,simulations_per_det,total_sims_per_move,num_games,elapsed_time_sec,games_per_minute,seconds_per_game,num_examples,examples_per_minute,cpu_percent
4,light,2,20,40,5,42.260661363601685,7.098800404917098,8.452132272720338,120,170.37120971801036,2.35
4,medium,3,30,90,5,94.74644780158997,3.1663456199248206,18.949289560317993,120,75.99229487819568,1.85
4,heavy,5,50,250,5,239.48569178581238,1.2526844412413143,47.897138357162476,120,30.064426589791545,1.45
