config,num_games,elapsed_sec,games_per_min,avg_batch_size,speedup
Baseline (Sequential),5,52.907562017440796,5.670266944092151,1.0,1.0
Phase 1 (Intra-Game Batching),5,43.82796311378479,6.844945068999656,90.0,0.21390453340623924
