iteration,phase,num_legal,decisions,signal_p10,signal_median,signal_p90
0,bidding,1,565,1.0000,1.0000,1.0000
0,bidding,2,2391,0.0738,0.6390,0.8929
0,bidding,3,1174,0.0493,0.3203,0.8350
0,bidding,4,1183,0.1165,0.3167,0.8174
0,bidding,5,1178,0.0176,0.3178,0.8224
0,bidding,6,1181,0.0096,0.7250,0.8380
0,bidding,7,1187,0.3806,0.8039,0.8221
0,bidding,8,1171,0.6921,0.7895,0.8067
0,playing,1,16722,1.0000,1.0000,1.0000
0,playing,2,8644,0.0050,0.1301,0.5407
0,playing,3,4473,0.0243,0.1652,0.5492
0,playing,4,2424,0.0379,0.1592,0.4552
0,playing,5,1395,0.0564,0.2417,0.5714
0,playing,6,815,0.1168,0.3224,0.6483
0,playing,7,337,0.1586,0.3752,0.6728
1,bidding,1,566,1.0000,1.0000,1.0000
1,bidding,2,2394,0.0651,0.5278,0.8354
1,bidding,3,1170,0.0322,0.2104,0.7398
1,bidding,4,1181,0.0308,0.2042,0.6834
1,bidding,5,1180,0.0054,0.1325,0.7424
1,bidding,6,1185,0.0107,0.4033,0.7994
1,bidding,7,1188,0.0285,0.6005,0.7953
1,bidding,8,1166,0.0479,0.6433,0.7696
1,playing,1,16690,1.0000,1.0000,1.0000
1,playing,2,8725,0.0011,0.0379,0.2862
1,playing,3,4458,0.0069,0.0667,0.3384
1,playing,4,2444,0.0119,0.0670,0.2791
1,playing,5,1353,0.0184,0.1022,0.3332
1,playing,6,795,0.0296,0.1181,0.3642
1,playing,7,345,0.0460,0.1654,0.4137
2,bidding,1,560,1.0000,1.0000,1.0000
2,bidding,2,2452,0.0327,0.5215,0.8574
2,bidding,3,1160,0.0218,0.1902,0.7100
2,bidding,4,1182,0.0260,0.1253,0.6454
2,bidding,5,1137,0.0062,0.0663,0.6277
2,bidding,6,1195,0.0123,0.2803,0.7631
2,bidding,7,1184,0.0186,0.5149,0.7865
2,bidding,8,1160,0.0386,0.5740,0.7505
2,playing,1,16801,1.0000,1.0000,1.0000
2,playing,2,8655,0.0011,0.0327,0.2583
2,playing,3,4480,0.0066,0.0601,0.3088
2,playing,4,2382,0.0104,0.0563,0.2569
2,playing,5,1371,0.0141,0.0706,0.2507
2,playing,6,771,0.0234,0.0842,0.2852
2,playing,7,350,0.0358,0.1203,0.3219
3,bidding,1,549,1.0000,1.0000,1.0000
3,bidding,2,2435,0.0290,0.5950,0.8574
3,bidding,3,1150,0.0173,0.1754,0.7141
3,bidding,4,1202,0.0219,0.1481,0.6540
3,bidding,5,1157,0.0077,0.0938,0.6641
3,bidding,6,1216,0.0149,0.3317,0.7358
3,bidding,7,1162,0.0183,0.4384,0.7497
3,bidding,8,1159,0.0345,0.5153,0.7043
3,playing,1,16741,1.0000,1.0000,1.0000
3,playing,2,8715,0.0007,0.0267,0.2395
3,playing,3,4459,0.0047,0.0488,0.3079
3,playing,4,2367,0.0064,0.0407,0.2265
3,playing,5,1404,0.0112,0.0569,0.2546
3,playing,6,782,0.0192,0.0701,0.2506
3,playing,7,342,0.0286,0.0898,0.2218
4,bidding,1,558,1.0000,1.0000,1.0000
4,bidding,2,2482,0.0327,0.5605,0.8574
4,bidding,3,1138,0.0246,0.1739,0.6540
4,bidding,4,1189,0.0207,0.1134,0.5304
4,bidding,5,1130,0.0083,0.0684,0.5409
4,bidding,6,1214,0.0130,0.1724,0.6749
4,bidding,7,1157,0.0200,0.1850,0.7482
4,bidding,8,1162,0.0306,0.3299,0.7138
4,playing,1,16816,1.0000,1.0000,1.0000
4,playing,2,8631,0.0007,0.0256,0.2469
4,playing,3,4483,0.0041,0.0465,0.3034
4,playing,4,2346,0.0059,0.0372,0.2373
4,playing,5,1407,0.0085,0.0478,0.2312
4,playing,6,775,0.0175,0.0611,0.2797
4,playing,7,352,0.0252,0.0817,0.2768
5,bidding,1,560,1.0000,1.0000,1.0000
5,bidding,2,2446,0.0302,0.5950,0.8689
5,bidding,3,1141,0.0207,0.1827,0.7173
5,bidding,4,1212,0.0210,0.1301,0.6429
5,bidding,5,1142,0.0101,0.0630,0.6132
5,bidding,6,1207,0.0133,0.1981,0.7133
5,bidding,7,1161,0.0191,0.2785,0.7170
5,bidding,8,1161,0.0256,0.4241,0.6695
5,playing,1,16792,1.0000,1.0000,1.0000
5,playing,2,8757,0.0007,0.0256,0.2484
5,playing,3,4441,0.0046,0.0485,0.3420
5,playing,4,2332,0.0067,0.0449,0.2688
5,playing,5,1366,0.0104,0.0591,0.2841
5,playing,6,767,0.0169,0.0639,0.2730
5,playing,7,355,0.0243,0.0836,0.2269
6,bidding,1,538,1.0000,1.0000,1.0000
6,bidding,2,2526,0.0302,0.6240,0.8689
6,bidding,3,1103,0.0305,0.1773,0.6739
6,bidding,4,1202,0.0278,0.1305,0.5831
6,bidding,5,1141,0.0125,0.0654,0.6028
6,bidding,6,1203,0.0148,0.1646,0.6307
6,bidding,7,1163,0.0203,0.2815,0.6855
6,bidding,8,1154,0.0255,0.3151,0.6296
6,playing,1,16905,1.0000,1.0000,1.0000
6,playing,2,8647,0.0007,0.0234,0.2545
6,playing,3,4420,0.0042,0.0443,0.3182
6,playing,4,2301,0.0056,0.0434,0.2641
6,playing,5,1381,0.0092,0.0531,0.2785
6,playing,6,806,0.0170,0.0781,0.3211
6,playing,7,350,0.0271,0.1046,0.2944
7,bidding,1,561,1.0000,1.0000,1.0000
7,bidding,2,2468,0.0290,0.6314,0.8689
7,bidding,3,1135,0.0167,0.1695,0.7213
7,bidding,4,1219,0.0157,0.1032,0.6282
7,bidding,5,1129,0.0125,0.0425,0.5906
7,bidding,6,1209,0.0123,0.1285,0.6671
7,bidding,7,1165,0.0161,0.2583,0.6937
7,bidding,8,1144,0.0190,0.3449,0.6227
7,playing,1,16675,1.0000,1.0000,1.0000
7,playing,2,8742,0.0007,0.0256,0.2657
7,playing,3,4362,0.0043,0.0522,0.3665
7,playing,4,2442,0.0065,0.0477,0.3146
7,playing,5,1418,0.0092,0.0526,0.3223
7,playing,6,805,0.0122,0.0581,0.3140
7,playing,7,366,0.0220,0.0936,0.3524
8,bidding,1,553,1.0000,1.0000,1.0000
8,bidding,2,2493,0.0379,0.6466,0.8689
8,bidding,3,1122,0.0247,0.1927,0.7299
8,bidding,4,1222,0.0194,0.1132,0.6436
8,bidding,5,1113,0.0138,0.0554,0.6135
8,bidding,6,1230,0.0147,0.1360,0.6555
8,bidding,7,1148,0.0170,0.1995,0.6842
8,bidding,8,1149,0.0202,0.2440,0.6627
8,playing,1,16903,1.0000,1.0000,1.0000
8,playing,2,8664,0.0007,0.0245,0.2661
8,playing,3,4376,0.0042,0.0492,0.3785
8,playing,4,2326,0.0062,0.0408,0.3007
8,playing,5,1382,0.0089,0.0557,0.3260
8,playing,6,796,0.0127,0.0566,0.3224
8,playing,7,363,0.0193,0.0745,0.3367
9,bidding,1,547,1.0000,1.0000,1.0000
9,bidding,2,2517,0.0327,0.6021,0.8689
9,bidding,3,1136,0.0264,0.2350,0.7044
9,bidding,4,1207,0.0165,0.1176,0.5591
9,bidding,5,1104,0.0132,0.0481,0.5829
9,bidding,6,1253,0.0138,0.1152,0.6336
9,bidding,7,1127,0.0160,0.2602,0.6583
9,bidding,8,1139,0.0165,0.3513,0.6271
9,playing,1,17020,1.0000,1.0000,1.0000
9,playing,2,8684,0.0007,0.0234,0.2583
9,playing,3,4253,0.0040,0.0507,0.3377
9,playing,4,2348,0.0071,0.0485,0.2902
9,playing,5,1377,0.0106,0.0580,0.3083
9,playing,6,768,0.0158,0.0704,0.3512
9,playing,7,360,0.0236,0.0889,0.4070
10,bidding,1,561,1.0000,1.0000,1.0000
10,bidding,2,2513,0.0302,0.6314,0.8689
10,bidding,3,1121,0.0297,0.2455,0.7299
10,bidding,4,1184,0.0200,0.1424,0.5858
10,bidding,5,1137,0.0147,0.0697,0.6263
10,bidding,6,1219,0.0160,0.1731,0.6207
10,bidding,7,1150,0.0158,0.2577,0.6401
10,bidding,8,1145,0.0154,0.2966,0.5455
10,playing,1,16857,1.0000,1.0000,1.0000
10,playing,2,8629,0.0007,0.0234,0.2661
10,playing,3,4423,0.0044,0.0558,0.3670
10,playing,4,2378,0.0068,0.0611,0.3302
10,playing,5,1353,0.0110,0.0710,0.3682
10,playing,6,818,0.0161,0.0817,0.3709
10,playing,7,352,0.0166,0.0958,0.3654
11,bidding,1,537,1.0000,1.0000,1.0000
11,bidding,2,2515,0.0290,0.6544,0.8689
11,bidding,3,1133,0.0211,0.2148,0.7103
11,bidding,4,1181,0.0132,0.1103,0.5966
11,bidding,5,1147,0.0127,0.0545,0.5643
11,bidding,6,1196,0.0134,0.1099,0.5739
11,bidding,7,1186,0.0154,0.1690,0.6557
11,bidding,8,1135,0.0172,0.2041,0.5320
11,playing,1,16937,1.0000,1.0000,1.0000
11,playing,2,8646,0.0005,0.0194,0.2545
11,playing,3,4328,0.0043,0.0508,0.3600
11,playing,4,2347,0.0060,0.0533,0.3694
11,playing,5,1376,0.0094,0.0475,0.3593
11,playing,6,796,0.0129,0.0543,0.4374
11,playing,7,380,0.0141,0.0503,0.3324
12,bidding,1,553,1.0000,1.0000,1.0000
12,bidding,2,2531,0.0340,0.6544,0.8689
12,bidding,3,1126,0.0232,0.2151,0.7171
12,bidding,4,1166,0.0142,0.1232,0.5893
12,bidding,5,1146,0.0107,0.0471,0.5696
12,bidding,6,1223,0.0127,0.1107,0.6210
12,bidding,7,1136,0.0149,0.1998,0.6463
12,bidding,8,1149,0.0153,0.2433,0.5456
12,playing,1,17002,1.0000,1.0000,1.0000
12,playing,2,8611,0.0005,0.0245,0.2821
12,playing,3,4298,0.0049,0.0604,0.3925
12,playing,4,2348,0.0086,0.0637,0.3393
12,playing,5,1419,0.0101,0.0635,0.3593
12,playing,6,786,0.0131,0.0696,0.3675
12,playing,7,346,0.0149,0.0610,0.4024
13,bidding,1,541,1.0000,1.0000,1.0000
13,bidding,2,2534,0.0256,0.6240,0.8689
13,bidding,3,1115,0.0243,0.2533,0.7303
13,bidding,4,1188,0.0162,0.1388,0.5954
13,bidding,5,1128,0.0087,0.0669,0.6161
13,bidding,6,1210,0.0112,0.1630,0.6088
13,bidding,7,1166,0.0159,0.2455,0.6183
13,bidding,8,1148,0.0161,0.2663,0.5400
13,playing,1,16957,1.0000,1.0000,1.0000
13,playing,2,8716,0.0005,0.0234,0.2701
13,playing,3,4283,0.0045,0.0553,0.3711
13,playing,4,2311,0.0077,0.0661,0.3346
13,playing,5,1406,0.0120,0.0758,0.3594
13,playing,6,788,0.0144,0.0778,0.4064
13,playing,7,349,0.0168,0.0723,0.4291
14,bidding,1,540,1.0000,1.0000,1.0000
14,bidding,2,2521,0.0224,0.5879,0.8689
14,bidding,3,1113,0.0216,0.2471,0.7439
14,bidding,4,1192,0.0152,0.1309,0.6386
14,bidding,5,1148,0.0102,0.0586,0.6183
14,bidding,6,1206,0.0113,0.1226,0.6354
14,bidding,7,1161,0.0148,0.1820,0.6666
14,bidding,8,1149,0.0145,0.1639,0.5610
14,playing,1,17003,1.0000,1.0000,1.0000
14,playing,2,8554,0.0005,0.0224,0.2740
14,playing,3,4357,0.0042,0.0585,0.3798
14,playing,4,2358,0.0086,0.0747,0.3473
14,playing,5,1390,0.0107,0.0720,0.3804
14,playing,6,798,0.0135,0.0693,0.4168
14,playing,7,350,0.0140,0.0476,0.3751
15,bidding,1,539,1.0000,1.0000,1.0000
15,bidding,2,2544,0.0315,0.6622,0.8807
15,bidding,3,1096,0.0242,0.2452,0.7412
15,bidding,4,1208,0.0151,0.1252,0.6206
15,bidding,5,1142,0.0081,0.0506,0.5825
15,bidding,6,1192,0.0096,0.0844,0.5857
15,bidding,7,1176,0.0108,0.1174,0.5584
15,bidding,8,1133,0.0123,0.1170,0.5781
15,playing,1,16961,1.0000,1.0000,1.0000
15,playing,2,8639,0.0007,0.0302,0.3160
15,playing,3,4337,0.0060,0.0826,0.4454
15,playing,4,2324,0.0113,0.0947,0.4016
15,playing,5,1393,0.0127,0.0950,0.4125
15,playing,6,790,0.0144,0.0944,0.4408
15,playing,7,366,0.0120,0.0658,0.4037
16,bidding,1,548,1.0000,1.0000,1.0000
16,bidding,2,2495,0.0250,0.6466,0.8807
16,bidding,3,1125,0.0229,0.2495,0.7476
16,bidding,4,1197,0.0142,0.1386,0.6443
16,bidding,5,1145,0.0102,0.0478,0.5801
16,bidding,6,1194,0.0104,0.0983,0.5746
16,bidding,7,1174,0.0135,0.1364,0.6544
16,bidding,8,1152,0.0132,0.1303,0.5498
16,playing,1,16933,1.0000,1.0000,1.0000
16,playing,2,8673,0.0007,0.0302,0.3204
16,playing,3,4323,0.0052,0.0830,0.4336
16,playing,4,2333,0.0123,0.1145,0.4155
16,playing,5,1389,0.0123,0.1036,0.4174
16,playing,6,810,0.0168,0.1023,0.4986
16,playing,7,349,0.0154,0.0749,0.4520
17,bidding,1,536,1.0000,1.0000,1.0000
17,bidding,2,2496,0.0256,0.6093,0.8689
17,bidding,3,1160,0.0236,0.2612,0.7413
17,bidding,4,1203,0.0121,0.1442,0.6287
17,bidding,5,1122,0.0079,0.0446,0.5885
17,bidding,6,1208,0.0097,0.1098,0.6096
17,bidding,7,1168,0.0109,0.1650,0.6162
17,bidding,8,1137,0.0117,0.1204,0.5479
17,playing,1,17028,1.0000,1.0000,1.0000
17,playing,2,8644,0.0007,0.0302,0.3430
17,playing,3,4306,0.0058,0.0854,0.4469
17,playing,4,2314,0.0119,0.1146,0.4264
17,playing,5,1382,0.0145,0.1154,0.4461
17,playing,6,786,0.0140,0.1109,0.4753
17,playing,7,350,0.0165,0.0922,0.4732
18,bidding,1,545,1.0000,1.0000,1.0000
18,bidding,2,2508,0.0245,0.6544,0.8807
18,bidding,3,1111,0.0201,0.2694,0.7538
18,bidding,4,1220,0.0140,0.1477,0.6614
18,bidding,5,1143,0.0076,0.0475,0.5890
18,bidding,6,1190,0.0085,0.1034,0.5996
18,bidding,7,1179,0.0116,0.1484,0.6441
18,bidding,8,1134,0.0100,0.1278,0.5436
18,playing,1,16960,1.0000,1.0000,1.0000
18,playing,2,8724,0.0007,0.0302,0.3476
18,playing,3,4277,0.0069,0.0906,0.4709
18,playing,4,2349,0.0142,0.1249,0.4532
18,playing,5,1362,0.0161,0.1265,0.5151
18,playing,6,791,0.0151,0.1242,0.5163
18,playing,7,347,0.0153,0.0979,0.5013
19,bidding,1,552,1.0000,1.0000,1.0000
19,bidding,2,2513,0.0256,0.6166,0.8689
19,bidding,3,1119,0.0196,0.2515,0.7353
19,bidding,4,1201,0.0116,0.1353,0.6372
19,bidding,5,1141,0.0078,0.0474,0.5714
19,bidding,6,1203,0.0102,0.1069,0.5784
19,bidding,7,1175,0.0110,0.1298,0.5931
19,bidding,8,1126,0.0105,0.1447,0.5604
19,playing,1,17042,1.0000,1.0000,1.0000
19,playing,2,8763,0.0005,0.0267,0.3338
19,playing,3,4303,0.0060,0.0864,0.4336
19,playing,4,2230,0.0131,0.1194,0.4406
19,playing,5,1330,0.0135,0.1237,0.4504
19,playing,6,774,0.0155,0.1106,0.5004
19,playing,7,368,0.0133,0.0795,0.5007
20,bidding,1,551,1.0000,1.0000,1.0000
20,bidding,2,2523,0.0204,0.6314,0.8689
20,bidding,3,1108,0.0214,0.2814,0.7430
20,bidding,4,1205,0.0103,0.1264,0.6393
20,bidding,5,1130,0.0072,0.0458,0.5716
20,bidding,6,1214,0.0088,0.1006,0.6075
20,bidding,7,1174,0.0111,0.1321,0.6425
20,bidding,8,1125,0.0108,0.1113,0.5183
20,playing,1,16866,1.0000,1.0000,1.0000
20,playing,2,8768,0.0005,0.0290,0.3293
20,playing,3,4320,0.0058,0.0897,0.4367
20,playing,4,2319,0.0143,0.1266,0.4358
20,playing,5,1398,0.0164,0.1243,0.4346
20,playing,6,783,0.0150,0.1269,0.4768
20,playing,7,356,0.0132,0.0775,0.4507
21,bidding,1,531,1.0000,1.0000,1.0000
21,bidding,2,2536,0.0234,0.6166,0.8689
21,bidding,3,1110,0.0192,0.2364,0.7384
21,bidding,4,1205,0.0119,0.1187,0.6292
21,bidding,5,1138,0.0078,0.0532,0.5850
21,bidding,6,1206,0.0095,0.0872,0.5644
21,bidding,7,1173,0.0110,0.1296,0.6074
21,bidding,8,1131,0.0101,0.1005,0.5110
21,playing,1,16864,1.0000,1.0000,1.0000
21,playing,2,8722,0.0005,0.0302,0.3523
21,playing,3,4345,0.0057,0.0914,0.4652
21,playing,4,2343,0.0144,0.1187,0.4242
21,playing,5,1351,0.0155,0.1209,0.4592
21,playing,6,821,0.0155,0.1144,0.5109
21,playing,7,364,0.0142,0.0944,0.5420
22,bidding,1,545,1.0000,1.0000,1.0000
22,bidding,2,2516,0.0267,0.6466,0.8807
22,bidding,3,1136,0.0242,0.2391,0.7475
22,bidding,4,1180,0.0111,0.1143,0.5883
22,bidding,5,1137,0.0072,0.0460,0.5427
22,bidding,6,1204,0.0097,0.0899,0.5673
22,bidding,7,1179,0.0100,0.1050,0.5826
22,bidding,8,1133,0.0090,0.1022,0.5210
22,playing,1,16874,1.0000,1.0000,1.0000
22,playing,2,8727,0.0005,0.0279,0.3384
22,playing,3,4351,0.0053,0.0911,0.4446
22,playing,4,2325,0.0125,0.1130,0.4195
22,playing,5,1386,0.0135,0.1094,0.4489
22,playing,6,792,0.0133,0.0969,0.4749
22,playing,7,355,0.0118,0.0890,0.4550
23,bidding,1,533,1.0000,1.0000,1.0000
23,bidding,2,2521,0.0245,0.6314,0.8807
23,bidding,3,1130,0.0249,0.2849,0.7665
23,bidding,4,1195,0.0094,0.1322,0.6243
23,bidding,5,1135,0.0063,0.0453,0.5801
23,bidding,6,1213,0.0084,0.0840,0.5160
23,bidding,7,1175,0.0093,0.1150,0.5370
23,bidding,8,1128,0.0086,0.1072,0.4492
23,playing,1,17054,1.0000,1.0000,1.0000
23,playing,2,8709,0.0005,0.0302,0.3430
23,playing,3,4228,0.0060,0.0860,0.4520
23,playing,4,2299,0.0125,0.1240,0.4348
23,playing,5,1389,0.0133,0.1216,0.4787
23,playing,6,778,0.0189,0.1224,0.4985
23,playing,7,353,0.0097,0.0952,0.5241
24,bidding,1,541,1.0000,1.0000,1.0000
24,bidding,2,2530,0.0224,0.6390,0.8689
24,bidding,3,1112,0.0253,0.2563,0.7481
24,bidding,4,1194,0.0100,0.1065,0.5912
24,bidding,5,1143,0.0063,0.0435,0.5792
24,bidding,6,1209,0.0085,0.0760,0.5397
24,bidding,7,1162,0.0077,0.1001,0.4926
24,bidding,8,1139,0.0082,0.0948,0.4613
24,playing,1,16931,1.0000,1.0000,1.0000
24,playing,2,8620,0.0007,0.0302,0.3384
24,playing,3,4371,0.0061,0.0904,0.4555
24,playing,4,2332,0.0139,0.1188,0.4400
24,playing,5,1403,0.0134,0.1216,0.4811
24,playing,6,780,0.0118,0.1076,0.5169
24,playing,7,373,0.0118,0.0781,0.4828
25,bidding,1,535,1.0000,1.0000,1.0000
25,bidding,2,2526,0.0224,0.6390,0.8807
25,bidding,3,1131,0.0226,0.2829,0.7600
25,bidding,4,1192,0.0099,0.1144,0.6418
25,bidding,5,1132,0.0070,0.0429,0.5850
25,bidding,6,1217,0.0090,0.0826,0.5791
25,bidding,7,1174,0.0087,0.1030,0.5779
25,bidding,8,1123,0.0087,0.0969,0.4722
25,playing,1,16879,1.0000,1.0000,1.0000
25,playing,2,8670,0.0005,0.0279,0.3338
25,playing,3,4281,0.0058,0.0896,0.4536
25,playing,4,2346,0.0118,0.1233,0.4645
25,playing,5,1471,0.0108,0.1153,0.4494
25,playing,6,812,0.0135,0.1160,0.5037
25,playing,7,351,0.0104,0.0763,0.5275
26,bidding,1,541,1.0000,1.0000,1.0000
26,bidding,2,2541,0.0214,0.6390,0.8689
26,bidding,3,1110,0.0178,0.2602,0.7387
26,bidding,4,1193,0.0091,0.1202,0.5939
26,bidding,5,1127,0.0059,0.0516,0.6124
26,bidding,6,1214,0.0081,0.0902,0.5780
26,bidding,7,1174,0.0092,0.0987,0.5110
26,bidding,8,1130,0.0078,0.0950,0.4391
26,playing,1,16945,1.0000,1.0000,1.0000
26,playing,2,8618,0.0005,0.0302,0.3667
26,playing,3,4371,0.0059,0.0905,0.4563
26,playing,4,2364,0.0130,0.1229,0.4789
26,playing,5,1383,0.0137,0.1233,0.4815
26,playing,6,784,0.0142,0.1241,0.5212
26,playing,7,345,0.0103,0.0817,0.4984
27,bidding,1,534,1.0000,1.0000,1.0000
27,bidding,2,2540,0.0213,0.6166,0.8689
27,bidding,3,1131,0.0213,0.2705,0.7476
27,bidding,4,1184,0.0089,0.1247,0.6012
27,bidding,5,1135,0.0065,0.0448,0.5589
27,bidding,6,1204,0.0085,0.0728,0.5331
27,bidding,7,1176,0.0086,0.0951,0.5494
27,bidding,8,1126,0.0078,0.0890,0.4341
27,playing,1,16970,1.0000,1.0000,1.0000
27,playing,2,8613,0.0005,0.0267,0.3476
27,playing,3,4319,0.0050,0.0931,0.4494
27,playing,4,2307,0.0136,0.1164,0.4553
27,playing,5,1431,0.0126,0.1096,0.4682
27,playing,6,807,0.0119,0.1042,0.4891
27,playing,7,363,0.0119,0.0976,0.4394
28,bidding,1,529,1.0000,1.0000,1.0000
28,bidding,2,2569,0.0185,0.6021,0.8807
28,bidding,3,1090,0.0191,0.2722,0.7498
28,bidding,4,1185,0.0086,0.1088,0.5990
28,bidding,5,1148,0.0059,0.0416,0.5791
28,bidding,6,1201,0.0077,0.0722,0.5540
28,bidding,7,1198,0.0073,0.0847,0.5108
28,bidding,8,1110,0.0080,0.0825,0.3859
28,playing,1,17069,1.0000,1.0000,1.0000
28,playing,2,8586,0.0005,0.0290,0.3618
28,playing,3,4332,0.0055,0.0872,0.4510
28,playing,4,2314,0.0108,0.1201,0.4495
28,playing,5,1360,0.0114,0.1010,0.4736
28,playing,6,805,0.0129,0.1105,0.5092
28,playing,7,344,0.0097,0.0758,0.4693
29,bidding,1,534,1.0000,1.0000,1.0000
29,bidding,2,2541,0.0185,0.6544,0.8689
29,bidding,3,1123,0.0198,0.2751,0.7526
29,bidding,4,1193,0.0079,0.1177,0.6152
29,bidding,5,1121,0.0054,0.0447,0.5440
29,bidding,6,1214,0.0078,0.0713,0.5441
29,bidding,7,1179,0.0071,0.0849,0.5560
29,bidding,8,1125,0.0079,0.0788,0.4719
29,playing,1,16953,1.0000,1.0000,1.0000
29,playing,2,8698,0.0005,0.0290,0.3537
29,playing,3,4283,0.0047,0.0943,0.4716
29,playing,4,2365,0.0124,0.1252,0.4824
29,playing,5,1383,0.0144,0.1357,0.5687
29,playing,6,793,0.0147,0.1356,0.5623
29,playing,7,335,0.0087,0.0659,0.5434
30,bidding,1,538,1.0000,1.0000,1.0000
30,bidding,2,2543,0.0204,0.5950,0.8807
30,bidding,3,1113,0.0269,0.2827,0.7563
30,bidding,4,1186,0.0076,0.1103,0.5782
30,bidding,5,1134,0.0052,0.0429,0.5793
30,bidding,6,1216,0.0072,0.0738,0.5855
30,bidding,7,1162,0.0082,0.0820,0.5945
30,bidding,8,1138,0.0078,0.0803,0.4942
30,playing,1,16939,1.0000,1.0000,1.0000
30,playing,2,8641,0.0005,0.0290,0.3814
30,playing,3,4310,0.0051,0.0936,0.4961
30,playing,4,2323,0.0114,0.1271,0.4688
30,playing,5,1420,0.0136,0.1265,0.4873
30,playing,6,822,0.0098,0.1157,0.5136
30,playing,7,355,0.0095,0.0714,0.5366
31,bidding,1,535,1.0000,1.0000,1.0000
31,bidding,2,2549,0.0214,0.6314,0.8807
31,bidding,3,1119,0.0223,0.2795,0.7603
31,bidding,4,1192,0.0095,0.1320,0.6511
31,bidding,5,1119,0.0061,0.0392,0.5141
31,bidding,6,1212,0.0078,0.0698,0.5798
31,bidding,7,1181,0.0075,0.0770,0.5646
31,bidding,8,1123,0.0071,0.0848,0.4745
31,playing,1,17121,1.0000,1.0000,1.0000
31,playing,2,8570,0.0005,0.0290,0.3430
31,playing,3,4252,0.0054,0.0894,0.4702
31,playing,4,2342,0.0116,0.1128,0.4549
31,playing,5,1386,0.0143,0.1228,0.4918
31,playing,6,811,0.0094,0.1141,0.5182
31,playing,7,328,0.0099,0.0837,0.4948
32,bidding,1,540,1.0000,1.0000,1.0000
32,bidding,2,2559,0.0194,0.6314,0.8807
32,bidding,3,1111,0.0216,0.2805,0.7600
32,bidding,4,1183,0.0070,0.1237,0.6290
32,bidding,5,1128,0.0058,0.0404,0.6267
32,bidding,6,1206,0.0073,0.0611,0.5906
32,bidding,7,1180,0.0076,0.0726,0.5109
32,bidding,8,1123,0.0067,0.0686,0.4700
32,playing,1,16944,1.0000,1.0000,1.0000
32,playing,2,8619,0.0005,0.0267,0.3523
32,playing,3,4368,0.0056,0.0972,0.4971
32,playing,4,2348,0.0133,0.1271,0.4835
32,playing,5,1370,0.0141,0.1238,0.5391
32,playing,6,810,0.0114,0.1095,0.5064
32,playing,7,351,0.0099,0.1062,0.5649
33,bidding,1,530,1.0000,1.0000,1.0000
33,bidding,2,2567,0.0166,0.6021,0.8689
33,bidding,3,1112,0.0174,0.3009,0.7669
33,bidding,4,1171,0.0073,0.1196,0.5991
33,bidding,5,1146,0.0046,0.0369,0.5666
33,bidding,6,1211,0.0064,0.0593,0.5893
33,bidding,7,1169,0.0059,0.0642,0.4850
33,bidding,8,1124,0.0063,0.0618,0.3910
33,playing,1,17032,1.0000,1.0000,1.0000
33,playing,2,8603,0.0005,0.0290,0.3571
33,playing,3,4330,0.0060,0.0937,0.4978
33,playing,4,2323,0.0120,0.1252,0.4702
33,playing,5,1348,0.0131,0.1230,0.5140
33,playing,6,822,0.0137,0.1270,0.5424
33,playing,7,352,0.0111,0.1010,0.5488
34,bidding,1,516,1.0000,1.0000,1.0000
34,bidding,2,2554,0.0160,0.6390,0.8807
34,bidding,3,1120,0.0160,0.2726,0.7665
34,bidding,4,1178,0.0074,0.1287,0.6199
34,bidding,5,1137,0.0047,0.0475,0.5930
34,bidding,6,1218,0.0073,0.0636,0.6175
34,bidding,7,1180,0.0069,0.0658,0.5629
34,bidding,8,1127,0.0059,0.0631,0.4818
34,playing,1,16911,1.0000,1.0000,1.0000
34,playing,2,8636,0.0005,0.0279,0.3667
34,playing,3,4347,0.0058,0.0920,0.4924
34,playing,4,2335,0.0126,0.1321,0.4861
34,playing,5,1446,0.0166,0.1409,0.5257
34,playing,6,776,0.0152,0.1424,0.5407
34,playing,7,359,0.0093,0.0901,0.5255
35,bidding,1,532,1.0000,1.0000,1.0000
35,bidding,2,2565,0.0194,0.6466,0.8807
35,bidding,3,1106,0.0203,0.3006,0.7800
35,bidding,4,1206,0.0102,0.1363,0.6287
35,bidding,5,1115,0.0052,0.0346,0.5636
35,bidding,6,1211,0.0067,0.0613,0.5834
35,bidding,7,1176,0.0071,0.0647,0.4899
35,bidding,8,1119,0.0068,0.0587,0.3910
35,playing,1,17021,1.0000,1.0000,1.0000
35,playing,2,8526,0.0004,0.0256,0.3715
35,playing,3,4373,0.0050,0.0920,0.4792
35,playing,4,2344,0.0132,0.1255,0.4972
35,playing,5,1368,0.0150,0.1250,0.5024
35,playing,6,803,0.0112,0.1153,0.5536
35,playing,7,375,0.0098,0.0899,0.5836
36,bidding,1,536,1.0000,1.0000,1.0000
36,bidding,2,2570,0.0166,0.6240,0.8807
36,bidding,3,1105,0.0226,0.3102,0.7729
36,bidding,4,1182,0.0083,0.1362,0.6273
36,bidding,5,1121,0.0054,0.0424,0.6019
36,bidding,6,1205,0.0076,0.0549,0.5720
36,bidding,7,1188,0.0065,0.0644,0.5131
36,bidding,8,1123,0.0063,0.0584,0.4501
36,playing,1,16854,1.0000,1.0000,1.0000
36,playing,2,8621,0.0005,0.0279,0.3523
36,playing,3,4428,0.0058,0.0909,0.4901
36,playing,4,2367,0.0139,0.1248,0.4651
36,playing,5,1378,0.0144,0.1225,0.4979
36,playing,6,799,0.0158,0.1431,0.5262
36,playing,7,363,0.0086,0.0664,0.5717
37,bidding,1,528,1.0000,1.0000,1.0000
37,bidding,2,2577,0.0204,0.5950,0.8689
37,bidding,3,1097,0.0183,0.2683,0.7612
37,bidding,4,1181,0.0077,0.1261,0.6349
37,bidding,5,1135,0.0050,0.0371,0.5870
37,bidding,6,1205,0.0059,0.0523,0.5439
37,bidding,7,1180,0.0061,0.0643,0.5316
37,bidding,8,1127,0.0061,0.0537,0.4377
37,playing,1,16854,1.0000,1.0000,1.0000
37,playing,2,8635,0.0004,0.0256,0.3430
37,playing,3,4385,0.0052,0.0890,0.4582
37,playing,4,2362,0.0122,0.1214,0.4665
37,playing,5,1397,0.0148,0.1323,0.5282
37,playing,6,820,0.0113,0.1084,0.5679
37,playing,7,357,0.0084,0.0722,0.5775
38,bidding,1,538,1.0000,1.0000,1.0000
38,bidding,2,2573,0.0194,0.6390,0.8807
38,bidding,3,1099,0.0195,0.2747,0.7664
38,bidding,4,1192,0.0083,0.1142,0.6057
38,bidding,5,1140,0.0053,0.0455,0.5695
38,bidding,6,1181,0.0060,0.0402,0.5246
38,bidding,7,1185,0.0066,0.0473,0.4229
38,bidding,8,1122,0.0062,0.0453,0.4169
38,playing,1,17046,1.0000,1.0000,1.0000
38,playing,2,8630,0.0004,0.0267,0.3523
38,playing,3,4297,0.0054,0.0930,0.4847
38,playing,4,2323,0.0123,0.1292,0.4907
38,playing,5,1372,0.0120,0.1270,0.5208
38,playing,6,788,0.0118,0.1225,0.5292
38,playing,7,354,0.0089,0.0897,0.5775
39,bidding,1,548,1.0000,1.0000,1.0000
39,bidding,2,2576,0.0224,0.6314,0.8807
39,bidding,3,1119,0.0179,0.3015,0.7732
39,bidding,4,1170,0.0089,0.1383,0.6620
39,bidding,5,1124,0.0051,0.0387,0.6132
39,bidding,6,1202,0.0066,0.0437,0.5562
39,bidding,7,1168,0.0061,0.0476,0.4381
39,bidding,8,1123,0.0051,0.0452,0.3918
39,playing,1,16927,1.0000,1.0000,1.0000
39,playing,2,8591,0.0005,0.0290,0.3764
39,playing,3,4308,0.0054,0.1008,0.4957
39,playing,4,2407,0.0122,0.1251,0.4977
39,playing,5,1404,0.0115,0.1266,0.4994
39,playing,6,832,0.0120,0.1188,0.5335
39,playing,7,341,0.0088,0.0861,0.5696
40,bidding,1,530,1.0000,1.0000,1.0000
40,bidding,2,2574,0.0149,0.6390,0.8807
40,bidding,3,1096,0.0169,0.2963,0.7698
40,bidding,4,1179,0.0089,0.1233,0.6483
40,bidding,5,1147,0.0042,0.0489,0.6035
40,bidding,6,1203,0.0055,0.0494,0.5651
40,bidding,7,1186,0.0058,0.0515,0.4312
40,bidding,8,1115,0.0051,0.0442,0.4421
40,playing,1,17047,1.0000,1.0000,1.0000
40,playing,2,8550,0.0004,0.0267,0.3618
40,playing,3,4343,0.0055,0.0965,0.5079
40,playing,4,2362,0.0129,0.1323,0.5116
40,playing,5,1357,0.0129,0.1229,0.5386
40,playing,6,784,0.0120,0.1265,0.5451
40,playing,7,367,0.0081,0.0965,0.6048
41,bidding,1,541,1.0000,1.0000,1.0000
41,bidding,2,2549,0.0185,0.6390,0.8807
41,bidding,3,1125,0.0180,0.2905,0.7861
41,bidding,4,1185,0.0075,0.1323,0.6555
41,bidding,5,1130,0.0045,0.0411,0.6242
41,bidding,6,1194,0.0052,0.0544,0.6210
41,bidding,7,1180,0.0063,0.0511,0.5491
41,bidding,8,1126,0.0059,0.0473,0.4915
41,playing,1,16984,1.0000,1.0000,1.0000
41,playing,2,8560,0.0004,0.0290,0.3814
41,playing,3,4337,0.0050,0.0983,0.4879
41,playing,4,2335,0.0136,0.1376,0.4909
41,playing,5,1403,0.0145,0.1412,0.5591
41,playing,6,824,0.0111,0.1402,0.5798
41,playing,7,367,0.0100,0.1028,0.5365
42,bidding,1,534,1.0000,1.0000,1.0000
42,bidding,2,2559,0.0125,0.6466,0.8807
42,bidding,3,1124,0.0136,0.2866,0.7861
42,bidding,4,1173,0.0075,0.1399,0.6674
42,bidding,5,1144,0.0041,0.0363,0.6146
42,bidding,6,1192,0.0059,0.0465,0.6177
42,bidding,7,1171,0.0063,0.0441,0.5335
42,bidding,8,1133,0.0057,0.0409,0.4414
42,playing,1,17005,1.0000,1.0000,1.0000
42,playing,2,8668,0.0004,0.0279,0.3667
42,playing,3,4328,0.0050,0.1049,0.5108
42,playing,4,2287,0.0136,0.1276,0.4827
42,playing,5,1391,0.0143,0.1401,0.5200
42,playing,6,787,0.0101,0.1245,0.5385
42,playing,7,344,0.0073,0.0578,0.5050
43,bidding,1,541,1.0000,1.0000,1.0000
43,bidding,2,2562,0.0166,0.6466,0.8689
43,bidding,3,1122,0.0230,0.2995,0.7800
43,bidding,4,1168,0.0086,0.1464,0.6748
43,bidding,5,1132,0.0046,0.0464,0.6180
43,bidding,6,1196,0.0060,0.0457,0.5726
43,bidding,7,1186,0.0058,0.0507,0.4966
43,bidding,8,1123,0.0053,0.0425,0.4225
43,playing,1,16953,1.0000,1.0000,1.0000
43,playing,2,8596,0.0004,0.0290,0.3618
43,playing,3,4313,0.0056,0.1048,0.5059
43,playing,4,2377,0.0120,0.1337,0.5159
43,playing,5,1410,0.0124,0.1468,0.5468
43,playing,6,797,0.0105,0.1455,0.5108
43,playing,7,364,0.0106,0.1038,0.5535
44,bidding,1,533,1.0000,1.0000,1.0000
44,bidding,2,2584,0.0194,0.6314,0.8807
44,bidding,3,1110,0.0234,0.2908,0.7862
44,bidding,4,1167,0.0075,0.1485,0.6698
44,bidding,5,1144,0.0051,0.0409,0.6379
44,bidding,6,1188,0.0059,0.0414,0.6197
44,bidding,7,1182,0.0060,0.0468,0.5626
44,bidding,8,1122,0.0060,0.0413,0.4610
44,playing,1,17037,1.0000,1.0000,1.0000
44,playing,2,8593,0.0005,0.0290,0.3764
44,playing,3,4349,0.0052,0.1052,0.5367
44,playing,4,2332,0.0120,0.1419,0.5390
44,playing,5,1381,0.0136,0.1488,0.5726
44,playing,6,779,0.0109,0.1147,0.5340
44,playing,7,339,0.0081,0.0960,0.5221
45,bidding,1,537,1.0000,1.0000,1.0000
45,bidding,2,2578,0.0141,0.6240,0.8807
45,bidding,3,1112,0.0186,0.3008,0.7732
45,bidding,4,1164,0.0066,0.1072,0.6148
45,bidding,5,1134,0.0037,0.0431,0.6277
45,bidding,6,1200,0.0040,0.0341,0.5837
45,bidding,7,1174,0.0049,0.0377,0.4391
45,bidding,8,1131,0.0049,0.0311,0.3573
45,playing,1,16960,1.0000,1.0000,1.0000
45,playing,2,8631,0.0004,0.0290,0.3764
45,playing,3,4327,0.0052,0.0966,0.4979
45,playing,4,2309,0.0133,0.1304,0.5290
45,playing,5,1403,0.0107,0.1366,0.5366
45,playing,6,830,0.0114,0.1359,0.5564
45,playing,7,350,0.0081,0.0999,0.5787
46,bidding,1,525,1.0000,1.0000,1.0000
46,bidding,2,2586,0.0141,0.6466,0.8807
46,bidding,3,1102,0.0179,0.3050,0.7806
46,bidding,4,1182,0.0088,0.1360,0.6742
46,bidding,5,1125,0.0040,0.0438,0.6634
46,bidding,6,1195,0.0045,0.0416,0.6148
46,bidding,7,1188,0.0050,0.0382,0.5101
46,bidding,8,1127,0.0049,0.0347,0.4935
46,playing,1,16842,1.0000,1.0000,1.0000
46,playing,2,8726,0.0005,0.0290,0.3864
46,playing,3,4341,0.0048,0.0979,0.5208
46,playing,4,2374,0.0140,0.1368,0.5174
46,playing,5,1391,0.0139,0.1441,0.5358
46,playing,6,803,0.0109,0.1320,0.5747
46,playing,7,333,0.0081,0.0773,0.5583
47,bidding,1,530,1.0000,1.0000,1.0000
47,bidding,2,2585,0.0175,0.6466,0.8807
47,bidding,3,1106,0.0163,0.2993,0.7795
47,bidding,4,1176,0.0071,0.1408,0.6528
47,bidding,5,1140,0.0042,0.0362,0.6183
47,bidding,6,1203,0.0052,0.0371,0.5505
47,bidding,7,1161,0.0050,0.0314,0.4992
47,bidding,8,1129,0.0045,0.0300,0.3920
47,playing,1,16953,1.0000,1.0000,1.0000
47,playing,2,8666,0.0004,0.0290,0.3764
47,playing,3,4372,0.0056,0.0999,0.5055
47,playing,4,2305,0.0132,0.1363,0.5227
47,playing,5,1402,0.0124,0.1324,0.5377
47,playing,6,766,0.0096,0.1300,0.5378
47,playing,7,346,0.0074,0.0665,0.5133
48,bidding,1,542,1.0000,1.0000,1.0000
48,bidding,2,2574,0.0204,0.6702,0.8807
48,bidding,3,1123,0.0201,0.3154,0.7925
48,bidding,4,1161,0.0068,0.1414,0.6989
48,bidding,5,1134,0.0043,0.0422,0.6378
48,bidding,6,1187,0.0049,0.0365,0.6018
48,bidding,7,1200,0.0045,0.0319,0.5312
48,bidding,8,1109,0.0045,0.0337,0.4997
48,playing,1,16919,1.0000,1.0000,1.0000
48,playing,2,8664,0.0004,0.0267,0.3764
48,playing,3,4310,0.0054,0.0955,0.5168
48,playing,4,2337,0.0101,0.1389,0.5322
48,playing,5,1401,0.0116,0.1465,0.5790
48,playing,6,816,0.0114,0.1342,0.5738
48,playing,7,363,0.0082,0.0967,0.5256
49,bidding,1,536,1.0000,1.0000,1.0000
49,bidding,2,2584,0.0175,0.6314,0.8807
49,bidding,3,1131,0.0217,0.3264,0.7996
49,bidding,4,1167,0.0074,0.1238,0.6681
49,bidding,5,1135,0.0046,0.0441,0.6310
49,bidding,6,1194,0.0047,0.0320,0.5645
49,bidding,7,1171,0.0043,0.0300,0.4781
49,bidding,8,1112,0.0047,0.0259,0.3298
49,playing,1,16908,1.0000,1.0000,1.0000
49,playing,2,8693,0.0004,0.0315,0.3864
49,playing,3,4364,0.0053,0.1054,0.5359
49,playing,4,2292,0.0126,0.1482,0.5453
49,playing,5,1389,0.0144,0.1297,0.5496
49,playing,6,804,0.0115,0.1448,0.5773
49,playing,7,360,0.0082,0.0959,0.5923
50,bidding,1,533,1.0000,1.0000,1.0000
50,bidding,2,2585,0.0157,0.6240,0.8807
50,bidding,3,1103,0.0173,0.3040,0.7933
50,bidding,4,1171,0.0082,0.1308,0.6794
50,bidding,5,1147,0.0041,0.0409,0.6395
50,bidding,6,1192,0.0051,0.0353,0.5583
50,bidding,7,1176,0.0044,0.0276,0.4627
50,bidding,8,1123,0.0048,0.0255,0.4017
50,playing,1,16957,1.0000,1.0000,1.0000
50,playing,2,8677,0.0004,0.0279,0.3667
50,playing,3,4331,0.0055,0.0992,0.5298
50,playing,4,2332,0.0128,0.1419,0.5288
50,playing,5,1338,0.0133,0.1376,0.5499
50,playing,6,828,0.0125,0.1423,0.5471
50,playing,7,347,0.0083,0.1069,0.6048
51,bidding,1,530,1.0000,1.0000,1.0000
51,bidding,2,2592,0.0166,0.6622,0.8807
51,bidding,3,1106,0.0199,0.3028,0.7967
51,bidding,4,1173,0.0067,0.1271,0.6503
51,bidding,5,1136,0.0045,0.0362,0.5877
51,bidding,6,1194,0.0046,0.0315,0.6023
51,bidding,7,1180,0.0045,0.0284,0.4826
51,bidding,8,1119,0.0046,0.0262,0.4671
51,playing,1,16946,1.0000,1.0000,1.0000
51,playing,2,8645,0.0004,0.0290,0.3814
51,playing,3,4318,0.0058,0.1042,0.5359
51,playing,4,2356,0.0126,0.1319,0.4927
51,playing,5,1386,0.0122,0.1387,0.5735
51,playing,6,811,0.0108,0.1163,0.5367
51,playing,7,348,0.0087,0.0743,0.4863
52,bidding,1,546,1.0000,1.0000,1.0000
52,bidding,2,2577,0.0122,0.6166,0.8807
52,bidding,3,1090,0.0156,0.3549,0.7934
52,bidding,4,1191,0.0067,0.1384,0.6754
52,bidding,5,1137,0.0033,0.0381,0.6471
52,bidding,6,1196,0.0038,0.0273,0.5887
52,bidding,7,1175,0.0039,0.0268,0.4314
52,bidding,8,1118,0.0044,0.0262,0.3931
52,playing,1,16934,1.0000,1.0000,1.0000
52,playing,2,8693,0.0004,0.0290,0.3955
52,playing,3,4337,0.0044,0.0994,0.5389
52,playing,4,2304,0.0127,0.1442,0.5309
52,playing,5,1381,0.0099,0.1390,0.5623
52,playing,6,814,0.0105,0.1348,0.5552
52,playing,7,347,0.0068,0.0914,0.5888
53,bidding,1,520,1.0000,1.0000,1.0000
53,bidding,2,2587,0.0163,0.6093,0.8807
53,bidding,3,1128,0.0170,0.3186,0.7997
53,bidding,4,1151,0.0072,0.1351,0.6602
53,bidding,5,1149,0.0040,0.0350,0.6749
53,bidding,6,1193,0.0043,0.0297,0.6150
53,bidding,7,1177,0.0043,0.0274,0.4791
53,bidding,8,1125,0.0044,0.0251,0.3984
53,playing,1,16930,1.0000,1.0000,1.0000
53,playing,2,8679,0.0004,0.0279,0.3715
53,playing,3,4345,0.0044,0.0962,0.5399
53,playing,4,2314,0.0120,0.1510,0.5654
53,playing,5,1387,0.0122,0.1424,0.5490
53,playing,6,792,0.0128,0.1529,0.5993
53,playing,7,363,0.0101,0.1080,0.6309
54,bidding,1,533,1.0000,1.0000,1.0000
54,bidding,2,2583,0.0166,0.6240,0.8807
54,bidding,3,1115,0.0194,0.2991,0.7863
54,bidding,4,1177,0.0058,0.1419,0.6885
54,bidding,5,1145,0.0032,0.0435,0.6269
54,bidding,6,1182,0.0036,0.0258,0.5562
54,bidding,7,1175,0.0037,0.0232,0.4023
54,bidding,8,1120,0.0033,0.0224,0.3728
54,playing,1,16942,1.0000,1.0000,1.0000
54,playing,2,8698,0.0004,0.0290,0.3864
54,playing,3,4298,0.0045,0.0962,0.5393
54,playing,4,2345,0.0111,0.1373,0.5394
54,playing,5,1386,0.0096,0.1224,0.5321
54,playing,6,790,0.0110,0.1280,0.5501
54,playing,7,351,0.0086,0.0888,0.5967
55,bidding,1,542,1.0000,1.0000,1.0000
55,bidding,2,2588,0.0157,0.6240,0.8807
55,bidding,3,1113,0.0193,0.3331,0.8014
55,bidding,4,1180,0.0080,0.1429,0.6849
55,bidding,5,1123,0.0040,0.0373,0.6456
55,bidding,6,1199,0.0040,0.0264,0.5692
55,bidding,7,1160,0.0043,0.0219,0.4701
55,bidding,8,1125,0.0041,0.0200,0.4097
55,playing,1,16965,1.0000,1.0000,1.0000
55,playing,2,8616,0.0004,0.0290,0.3715
55,playing,3,4396,0.0046,0.0977,0.5411
55,playing,4,2286,0.0121,0.1380,0.5576
55,playing,5,1409,0.0107,0.1457,0.5670
55,playing,6,791,0.0117,0.1400,0.5780
55,playing,7,347,0.0086,0.0693,0.5509
56,bidding,1,537,1.0000,1.0000,1.0000
56,bidding,2,2595,0.0157,0.6240,0.8807
56,bidding,3,1120,0.0146,0.3074,0.7928
56,bidding,4,1165,0.0069,0.1160,0.6558
56,bidding,5,1133,0.0042,0.0397,0.6561
56,bidding,6,1184,0.0042,0.0232,0.5645
56,bidding,7,1179,0.0036,0.0203,0.4261
56,bidding,8,1117,0.0038,0.0196,0.4014
56,playing,1,17012,1.0000,1.0000,1.0000
56,playing,2,8646,0.0004,0.0267,0.3764
56,playing,3,4243,0.0045,0.1029,0.5538
56,playing,4,2333,0.0118,0.1421,0.5637
56,playing,5,1421,0.0138,0.1495,0.5796
56,playing,6,823,0.0091,0.1418,0.6013
56,playing,7,332,0.0055,0.0844,0.5344
57,bidding,1,527,1.0000,1.0000,1.0000
57,bidding,2,2589,0.0125,0.6390,0.8807
57,bidding,3,1134,0.0149,0.3242,0.8004
57,bidding,4,1165,0.0062,0.1210,0.6685
57,bidding,5,1125,0.0035,0.0299,0.6137
57,bidding,6,1198,0.0038,0.0246,0.5389
57,bidding,7,1173,0.0039,0.0239,0.4801
57,bidding,8,1119,0.0040,0.0190,0.3894
57,playing,1,17059,1.0000,1.0000,1.0000
57,playing,2,8674,0.0004,0.0267,0.3715
57,playing,3,4298,0.0042,0.0946,0.5497
57,playing,4,2285,0.0109,0.1385,0.5399
57,playing,5,1344,0.0141,0.1541,0.5856
57,playing,6,801,0.0121,0.1263,0.5437
57,playing,7,349,0.0089,0.1126,0.5524
58,bidding,1,547,1.0000,1.0000,1.0000
58,bidding,2,2566,0.0117,0.6622,0.8689
58,bidding,3,1134,0.0130,0.3171,0.7875
58,bidding,4,1163,0.0053,0.1287,0.6932
58,bidding,5,1140,0.0032,0.0413,0.6461
58,bidding,6,1188,0.0036,0.0283,0.5870
58,bidding,7,1169,0.0032,0.0211,0.5038
58,bidding,8,1123,0.0034,0.0211,0.4601
58,playing,1,16790,1.0000,1.0000,1.0000
58,playing,2,8745,0.0004,0.0267,0.3764
58,playing,3,4325,0.0047,0.1047,0.5776
58,playing,4,2378,0.0132,0.1461,0.5681
58,playing,5,1401,0.0113,0.1470,0.5607
58,playing,6,812,0.0132,0.1395,0.6318
58,playing,7,359,0.0070,0.0895,0.5787
59,bidding,1,549,1.0000,1.0000,1.0000
59,bidding,2,2589,0.0141,0.6166,0.8807
59,bidding,3,1134,0.0145,0.3104,0.8066
59,bidding,4,1137,0.0071,0.1169,0.6756
59,bidding,5,1153,0.0037,0.0397,0.6745
59,bidding,6,1185,0.0037,0.0236,0.6017
59,bidding,7,1160,0.0032,0.0228,0.4670
59,bidding,8,1123,0.0038,0.0211,0.4123
59,playing,1,16908,1.0000,1.0000,1.0000
59,playing,2,8697,0.0004,0.0279,0.3914
59,playing,3,4350,0.0053,0.1042,0.5627
59,playing,4,2315,0.0117,0.1434,0.5645
59,playing,5,1376,0.0125,0.1452,0.6178
59,playing,6,797,0.0118,0.1379,0.5697
59,playing,7,367,0.0065,0.1069,0.5904
60,bidding,1,521,1.0000,1.0000,1.0000
60,bidding,2,2612,0.0141,0.6544,0.8807
60,bidding,3,1129,0.0147,0.3335,0.8147
60,bidding,4,1156,0.0063,0.1509,0.6853
60,bidding,5,1137,0.0028,0.0379,0.6613
60,bidding,6,1190,0.0031,0.0212,0.5728
60,bidding,7,1164,0.0036,0.0186,0.4001
60,bidding,8,1121,0.0036,0.0181,0.3387
60,playing,1,16912,1.0000,1.0000,1.0000
60,playing,2,8695,0.0004,0.0267,0.3864
60,playing,3,4327,0.0046,0.1005,0.5575
60,playing,4,2325,0.0101,0.1378,0.5456
60,playing,5,1381,0.0124,0.1514,0.6024
60,playing,6,798,0.0091,0.1539,0.5710
60,playing,7,372,0.0067,0.1000,0.5412
61,bidding,1,530,1.0000,1.0000,1.0000
61,bidding,2,2583,0.0141,0.6466,0.8807
61,bidding,3,1132,0.0124,0.3073,0.8071
61,bidding,4,1161,0.0069,0.1505,0.7008
61,bidding,5,1142,0.0030,0.0386,0.6389
61,bidding,6,1179,0.0030,0.0232,0.5834
61,bidding,7,1174,0.0036,0.0206,0.4308
61,bidding,8,1129,0.0037,0.0173,0.3966
61,playing,1,16955,1.0000,1.0000,1.0000
61,playing,2,8716,0.0004,0.0267,0.3715
61,playing,3,4288,0.0044,0.0944,0.5547
61,playing,4,2335,0.0098,0.1333,0.5399
61,playing,5,1392,0.0103,0.1374,0.5675
61,playing,6,771,0.0125,0.1431,0.5583
61,playing,7,353,0.0075,0.1055,0.5265
62,bidding,1,536,1.0000,1.0000,1.0000
62,bidding,2,2590,0.0149,0.6544,0.8807
62,bidding,3,1136,0.0148,0.3032,0.8071
62,bidding,4,1166,0.0055,0.1299,0.6937
62,bidding,5,1140,0.0032,0.0400,0.6385
62,bidding,6,1175,0.0034,0.0179,0.5455
62,bidding,7,1162,0.0031,0.0156,0.3752
62,bidding,8,1125,0.0033,0.0134,0.3605
62,playing,1,16928,1.0000,1.0000,1.0000
62,playing,2,8648,0.0004,0.0267,0.3864
62,playing,3,4364,0.0041,0.0985,0.5580
62,playing,4,2312,0.0117,0.1458,0.5510
62,playing,5,1391,0.0117,0.1363,0.6105
62,playing,6,813,0.0111,0.1344,0.5928
62,playing,7,354,0.0078,0.0937,0.5318
63,bidding,1,537,1.0000,1.0000,1.0000
63,bidding,2,2581,0.0117,0.6166,0.8807
63,bidding,3,1126,0.0121,0.3228,0.8145
63,bidding,4,1158,0.0059,0.1252,0.6757
63,bidding,5,1149,0.0029,0.0292,0.6550
63,bidding,6,1196,0.0032,0.0207,0.6226
63,bidding,7,1168,0.0034,0.0158,0.4311
63,bidding,8,1115,0.0035,0.0160,0.3183
63,playing,1,17000,1.0000,1.0000,1.0000
63,playing,2,8672,0.0004,0.0245,0.3618
63,playing,3,4318,0.0047,0.0982,0.5494
63,playing,4,2299,0.0100,0.1327,0.5754
63,playing,5,1375,0.0102,0.1446,0.5586
63,playing,6,790,0.0125,0.1434,0.5617
63,playing,7,356,0.0089,0.1200,0.5615
64,bidding,1,537,1.0000,1.0000,1.0000
64,bidding,2,2591,0.0141,0.6390,0.8807
64,bidding,3,1148,0.0143,0.2915,0.8030
64,bidding,4,1147,0.0059,0.1166,0.6350
64,bidding,5,1134,0.0029,0.0311,0.6164
64,bidding,6,1197,0.0034,0.0168,0.5933
64,bidding,7,1155,0.0031,0.0143,0.3845
64,bidding,8,1121,0.0030,0.0143,0.3070
64,playing,1,16888,1.0000,1.0000,1.0000
64,playing,2,8689,0.0004,0.0245,0.3571
64,playing,3,4334,0.0039,0.0962,0.5192
64,playing,4,2345,0.0098,0.1419,0.5476
64,playing,5,1405,0.0128,0.1423,0.5666
64,playing,6,792,0.0085,0.1301,0.5650
64,playing,7,357,0.0060,0.0734,0.5482
65,bidding,1,537,1.0000,1.0000,1.0000
65,bidding,2,2600,0.0133,0.6466,0.8807
65,bidding,3,1124,0.0142,0.3123,0.7960
65,bidding,4,1148,0.0055,0.1437,0.7025
65,bidding,5,1158,0.0031,0.0370,0.6790
65,bidding,6,1188,0.0028,0.0218,0.5447
65,bidding,7,1148,0.0030,0.0154,0.4324
65,bidding,8,1127,0.0030,0.0135,0.3054
65,playing,1,17004,1.0000,1.0000,1.0000
65,playing,2,8589,0.0004,0.0290,0.3764
65,playing,3,4357,0.0043,0.1026,0.5420
65,playing,4,2337,0.0104,0.1435,0.5411
65,playing,5,1371,0.0110,0.1505,0.5581
65,playing,6,788,0.0128,0.1432,0.5495
65,playing,7,364,0.0085,0.0946,0.5207
66,bidding,1,546,1.0000,1.0000,1.0000
66,bidding,2,2582,0.0149,0.6390,0.8807
66,bidding,3,1143,0.0133,0.2706,0.8057
66,bidding,4,1158,0.0059,0.1404,0.7184
66,bidding,5,1147,0.0028,0.0451,0.6879
66,bidding,6,1182,0.0027,0.0185,0.5924
66,bidding,7,1160,0.0031,0.0131,0.4387
66,bidding,8,1112,0.0035,0.0127,0.3706
66,playing,1,16952,1.0000,1.0000,1.0000
66,playing,2,8714,0.0004,0.0267,0.3914
66,playing,3,4299,0.0035,0.1051,0.5680
66,playing,4,2291,0.0103,0.1425,0.5824
66,playing,5,1387,0.0122,0.1485,0.5792
66,playing,6,807,0.0124,0.1443,0.6196
66,playing,7,360,0.0095,0.1253,0.6178
67,bidding,1,535,1.0000,1.0000,1.0000
67,bidding,2,2597,0.0149,0.6166,0.8807
67,bidding,3,1130,0.0162,0.3187,0.8085
67,bidding,4,1167,0.0057,0.1346,0.7058
67,bidding,5,1144,0.0028,0.0409,0.6774
67,bidding,6,1167,0.0032,0.0189,0.5450
67,bidding,7,1170,0.0032,0.0146,0.4291
67,bidding,8,1120,0.0032,0.0123,0.3240
67,playing,1,16893,1.0000,1.0000,1.0000
67,playing,2,8731,0.0004,0.0279,0.3814
67,playing,3,4334,0.0045,0.1011,0.5938
67,playing,4,2305,0.0122,0.1399,0.5530
67,playing,5,1390,0.0145,0.1486,0.6100
67,playing,6,802,0.0119,0.1468,0.5845
67,playing,7,355,0.0079,0.0935,0.5925
68,bidding,1,527,1.0000,1.0000,1.0000
68,bidding,2,2613,0.0157,0.6390,0.8807
68,bidding,3,1153,0.0204,0.3351,0.8071
68,bidding,4,1132,0.0060,0.1316,0.7145
68,bidding,5,1143,0.0024,0.0330,0.6632
68,bidding,6,1182,0.0026,0.0167,0.5966
68,bidding,7,1157,0.0029,0.0133,0.3694
68,bidding,8,1123,0.0029,0.0121,0.3650
68,playing,1,16854,1.0000,1.0000,1.0000
68,playing,2,8790,0.0004,0.0267,0.3814
68,playing,3,4284,0.0039,0.1034,0.5837
68,playing,4,2333,0.0116,0.1407,0.5668
68,playing,5,1364,0.0099,0.1578,0.5907
68,playing,6,814,0.0134,0.1498,0.5882
68,playing,7,371,0.0102,0.1137,0.5665
69,bidding,1,536,1.0000,1.0000,1.0000
69,bidding,2,2603,0.0117,0.6544,0.8807
69,bidding,3,1141,0.0152,0.3207,0.8080
69,bidding,4,1151,0.0045,0.1313,0.7073
69,bidding,5,1136,0.0025,0.0357,0.6922
69,bidding,6,1175,0.0027,0.0177,0.5970
69,bidding,7,1158,0.0028,0.0127,0.4753
69,bidding,8,1130,0.0029,0.0119,0.4265
69,playing,1,16928,1.0000,1.0000,1.0000
69,playing,2,8688,0.0002,0.0267,0.3715
69,playing,3,4330,0.0042,0.0989,0.5606
69,playing,4,2332,0.0101,0.1428,0.5786
69,playing,5,1389,0.0101,0.1482,0.6029
69,playing,6,781,0.0126,0.1747,0.6398
69,playing,7,362,0.0082,0.0900,0.5754
70,bidding,1,531,1.0000,1.0000,1.0000
70,bidding,2,2594,0.0166,0.6544,0.8807
70,bidding,3,1155,0.0159,0.3160,0.7998
70,bidding,4,1157,0.0066,0.1381,0.7126
70,bidding,5,1137,0.0028,0.0334,0.6609
70,bidding,6,1196,0.0028,0.0140,0.5491
70,bidding,7,1138,0.0027,0.0117,0.3586
70,bidding,8,1122,0.0029,0.0108,0.3624
70,playing,1,17010,1.0000,1.0000,1.0000
70,playing,2,8662,0.0004,0.0251,0.3814
70,playing,3,4376,0.0045,0.1014,0.5555
70,playing,4,2249,0.0109,0.1405,0.5755
70,playing,5,1371,0.0116,0.1565,0.5765
70,playing,6,775,0.0101,0.1423,0.5611
70,playing,7,367,0.0080,0.0799,0.5691
71,bidding,1,534,1.0000,1.0000,1.0000
71,bidding,2,2593,0.0149,0.6093,0.8807
71,bidding,3,1159,0.0127,0.3018,0.8066
71,bidding,4,1146,0.0068,0.1411,0.7043
71,bidding,5,1131,0.0028,0.0325,0.6436
71,bidding,6,1183,0.0028,0.0180,0.5842
71,bidding,7,1156,0.0028,0.0138,0.4067
71,bidding,8,1128,0.0026,0.0125,0.4949
71,playing,1,16907,1.0000,1.0000,1.0000
71,playing,2,8748,0.0004,0.0234,0.3764
71,playing,3,4280,0.0041,0.1017,0.5630
71,playing,4,2321,0.0096,0.1438,0.5612
71,playing,5,1386,0.0133,0.1587,0.6031
71,playing,6,803,0.0121,0.1724,0.5992
71,playing,7,365,0.0070,0.0847,0.5845
72,bidding,1,535,1.0000,1.0000,1.0000
72,bidding,2,2610,0.0133,0.6390,0.8807
72,bidding,3,1125,0.0141,0.2979,0.7962
72,bidding,4,1133,0.0057,0.1297,0.7134
72,bidding,5,1159,0.0028,0.0402,0.6909
72,bidding,6,1182,0.0027,0.0176,0.5847
72,bidding,7,1159,0.0028,0.0129,0.4751
72,bidding,8,1127,0.0029,0.0117,0.3942
72,playing,1,16914,1.0000,1.0000,1.0000
72,playing,2,8657,0.0002,0.0256,0.3914
72,playing,3,4346,0.0037,0.0958,0.5587
72,playing,4,2310,0.0116,0.1407,0.5590
72,playing,5,1404,0.0090,0.1555,0.6015
72,playing,6,816,0.0109,0.1439,0.5506
72,playing,7,363,0.0064,0.1162,0.5999
73,bidding,1,534,1.0000,1.0000,1.0000
73,bidding,2,2595,0.0141,0.6390,0.8807
73,bidding,3,1151,0.0111,0.3335,0.8222
73,bidding,4,1140,0.0051,0.1408,0.7763
73,bidding,5,1156,0.0029,0.0440,0.7074
73,bidding,6,1170,0.0027,0.0141,0.5467
73,bidding,7,1156,0.0026,0.0106,0.4237
73,bidding,8,1128,0.0028,0.0102,0.4906
73,playing,1,16880,1.0000,1.0000,1.0000
73,playing,2,8821,0.0004,0.0245,0.3814
73,playing,3,4246,0.0037,0.0917,0.5640
73,playing,4,2281,0.0111,0.1442,0.5653
73,playing,5,1387,0.0117,0.1472,0.5973
73,playing,6,842,0.0117,0.1594,0.5806
73,playing,7,353,0.0074,0.0927,0.6111
74,bidding,1,532,1.0000,1.0000,1.0000
74,bidding,2,2597,0.0141,0.6390,0.8807
74,bidding,3,1155,0.0136,0.3053,0.8205
74,bidding,4,1149,0.0052,0.1406,0.7523
74,bidding,5,1147,0.0026,0.0376,0.6805
74,bidding,6,1169,0.0027,0.0146,0.5937
74,bidding,7,1156,0.0025,0.0111,0.4309
74,bidding,8,1125,0.0025,0.0098,0.3858
74,playing,1,16937,1.0000,1.0000,1.0000
74,playing,2,8655,0.0004,0.0256,0.3864
74,playing,3,4321,0.0036,0.0947,0.5615
74,playing,4,2368,0.0087,0.1345,0.5669
74,playing,5,1370,0.0094,0.1377,0.6175
74,playing,6,807,0.0118,0.1837,0.6210
74,playing,7,352,0.0079,0.1032,0.5410
75,bidding,1,532,1.0000,1.0000,1.0000
75,bidding,2,2601,0.0133,0.6240,0.8807
75,bidding,3,1162,0.0136,0.2950,0.8028
75,bidding,4,1161,0.0057,0.1360,0.7186
75,bidding,5,1132,0.0028,0.0292,0.6353
75,bidding,6,1182,0.0025,0.0134,0.5448
75,bidding,7,1132,0.0025,0.0099,0.3669
75,bidding,8,1128,0.0027,0.0096,0.3182
75,playing,1,16928,1.0000,1.0000,1.0000
75,playing,2,8824,0.0004,0.0267,0.4121
75,playing,3,4278,0.0045,0.1059,0.5675
75,playing,4,2278,0.0100,0.1509,0.5932
75,playing,5,1363,0.0117,0.1604,0.6100
75,playing,6,797,0.0104,0.1369,0.5815
75,playing,7,342,0.0111,0.1194,0.5394
76,bidding,1,505,1.0000,1.0000,1.0000
76,bidding,2,2620,0.0103,0.6390,0.8807
76,bidding,3,1170,0.0113,0.2986,0.8065
76,bidding,4,1141,0.0056,0.1396,0.7093
76,bidding,5,1127,0.0023,0.0312,0.6884
76,bidding,6,1187,0.0024,0.0126,0.5587
76,bidding,7,1133,0.0023,0.0093,0.3694
76,bidding,8,1147,0.0026,0.0101,0.3564
76,playing,1,16853,1.0000,1.0000,1.0000
76,playing,2,8639,0.0004,0.0267,0.3864
76,playing,3,4375,0.0040,0.1024,0.5917
76,playing,4,2343,0.0095,0.1492,0.5795
76,playing,5,1440,0.0113,0.1587,0.6172
76,playing,6,801,0.0119,0.1695,0.5904
76,playing,7,359,0.0084,0.1157,0.6223
77,bidding,1,530,1.0000,1.0000,1.0000
77,bidding,2,2595,0.0096,0.6466,0.8807
77,bidding,3,1166,0.0113,0.3403,0.8138
77,bidding,4,1143,0.0051,0.1412,0.7352
77,bidding,5,1146,0.0021,0.0351,0.7157
77,bidding,6,1168,0.0024,0.0140,0.5994
77,bidding,7,1156,0.0023,0.0100,0.3974
77,bidding,8,1126,0.0026,0.0093,0.3106
77,playing,1,16807,1.0000,1.0000,1.0000
77,playing,2,8699,0.0004,0.0256,0.3914
77,playing,3,4355,0.0038,0.1002,0.5784
77,playing,4,2363,0.0102,0.1419,0.5935
77,playing,5,1389,0.0120,0.1547,0.6172
77,playing,6,826,0.0104,0.1809,0.6253
77,playing,7,371,0.0109,0.1234,0.6008
78,bidding,1,513,1.0000,1.0000,1.0000
78,bidding,2,2634,0.0110,0.6277,0.8807
78,bidding,3,1152,0.0122,0.3302,0.8277
78,bidding,4,1135,0.0059,0.1558,0.7245
78,bidding,5,1141,0.0025,0.0339,0.6970
78,bidding,6,1187,0.0022,0.0143,0.6440
78,bidding,7,1144,0.0022,0.0090,0.4207
78,bidding,8,1124,0.0025,0.0092,0.3328
78,playing,1,16936,1.0000,1.0000,1.0000
78,playing,2,8672,0.0004,0.0256,0.3965
78,playing,3,4304,0.0035,0.0980,0.5924
78,playing,4,2329,0.0093,0.1496,0.5954
78,playing,5,1396,0.0093,0.1622,0.6467
78,playing,6,812,0.0111,0.1511,0.6057
78,playing,7,361,0.0061,0.1202,0.5995
79,bidding,1,531,1.0000,1.0000,1.0000
79,bidding,2,2604,0.0110,0.6166,0.8807
79,bidding,3,1160,0.0112,0.3119,0.8207
79,bidding,4,1155,0.0060,0.1355,0.7495
79,bidding,5,1134,0.0026,0.0360,0.6893
79,bidding,6,1177,0.0023,0.0130,0.5863
79,bidding,7,1154,0.0025,0.0091,0.4026
79,bidding,8,1115,0.0024,0.0077,0.4142
79,playing,1,16804,1.0000,1.0000,1.0000
79,playing,2,8730,0.0004,0.0245,0.4017
79,playing,3,4368,0.0039,0.1005,0.5698
79,playing,4,2318,0.0097,0.1527,0.5947
79,playing,5,1407,0.0115,0.1609,0.6084
79,playing,6,828,0.0107,0.1803,0.5931
79,playing,7,355,0.0074,0.1030,0.5785
80,bidding,1,530,1.0000,1.0000,1.0000
80,bidding,2,2610,0.0133,0.6390,0.8807
80,bidding,3,1153,0.0145,0.3079,0.8207
80,bidding,4,1152,0.0057,0.1513,0.7292
80,bidding,5,1132,0.0023,0.0324,0.6879
80,bidding,6,1182,0.0023,0.0117,0.6087
80,bidding,7,1137,0.0023,0.0088,0.4213
80,bidding,8,1134,0.0025,0.0083,0.3298
80,playing,1,17010,1.0000,1.0000,1.0000
80,playing,2,8634,0.0004,0.0245,0.3864
80,playing,3,4306,0.0038,0.1025,0.5927
80,playing,4,2291,0.0106,0.1523,0.5943
80,playing,5,1416,0.0089,0.1690,0.6284
80,playing,6,804,0.0089,0.1697,0.6137
80,playing,7,349,0.0087,0.1162,0.6205
81,bidding,1,520,1.0000,1.0000,1.0000
81,bidding,2,2610,0.0117,0.6203,0.8807
81,bidding,3,1164,0.0152,0.3229,0.8281
81,bidding,4,1134,0.0049,0.1322,0.7264
81,bidding,5,1154,0.0021,0.0342,0.7112
81,bidding,6,1181,0.0021,0.0123,0.6389
81,bidding,7,1138,0.0022,0.0081,0.4105
81,bidding,8,1129,0.0022,0.0077,0.2964
81,playing,1,17027,1.0000,1.0000,1.0000
81,playing,2,8569,0.0002,0.0234,0.3864
81,playing,3,4272,0.0033,0.0981,0.5924
81,playing,4,2374,0.0092,0.1427,0.5511
81,playing,5,1391,0.0099,0.1474,0.6034
81,playing,6,809,0.0121,0.1616,0.6021
81,playing,7,368,0.0078,0.1282,0.6081
82,bidding,1,526,1.0000,1.0000,1.0000
82,bidding,2,2613,0.0110,0.6314,0.8807
82,bidding,3,1172,0.0090,0.3202,0.8212
82,bidding,4,1116,0.0055,0.1523,0.7205
82,bidding,5,1158,0.0022,0.0382,0.6518
82,bidding,6,1189,0.0024,0.0112,0.5560
82,bidding,7,1126,0.0021,0.0083,0.3873
82,bidding,8,1130,0.0021,0.0079,0.3373
82,playing,1,16952,1.0000,1.0000,1.0000
82,playing,2,8681,0.0004,0.0245,0.3814
82,playing,3,4302,0.0040,0.0985,0.5685
82,playing,4,2334,0.0106,0.1594,0.5953
82,playing,5,1363,0.0115,0.1620,0.6268
82,playing,6,811,0.0118,0.1629,0.5861
82,playing,7,367,0.0070,0.0929,0.5339
83,bidding,1,537,1.0000,1.0000,1.0000
83,bidding,2,2603,0.0141,0.6466,0.8807
83,bidding,3,1168,0.0138,0.3236,0.8207
83,bidding,4,1127,0.0064,0.1444,0.7261
83,bidding,5,1155,0.0021,0.0362,0.6931
83,bidding,6,1169,0.0022,0.0133,0.5592
83,bidding,7,1140,0.0022,0.0086,0.4290
83,bidding,8,1131,0.0022,0.0080,0.3852
83,playing,1,17019,1.0000,1.0000,1.0000
83,playing,2,8659,0.0002,0.0224,0.3965
83,playing,3,4327,0.0038,0.0958,0.5712
83,playing,4,2264,0.0100,0.1520,0.5754
83,playing,5,1370,0.0103,0.1542,0.5921
83,playing,6,806,0.0105,0.1531,0.5841
83,playing,7,365,0.0062,0.1198,0.5340
84,bidding,1,523,1.0000,1.0000,1.0000
84,bidding,2,2609,0.0131,0.6544,0.8807
84,bidding,3,1167,0.0122,0.3053,0.8205
84,bidding,4,1141,0.0053,0.1373,0.7089
84,bidding,5,1150,0.0022,0.0439,0.6821
84,bidding,6,1180,0.0023,0.0117,0.5716
84,bidding,7,1131,0.0023,0.0083,0.3760
84,bidding,8,1129,0.0024,0.0074,0.3632
84,playing,1,16918,1.0000,1.0000,1.0000
84,playing,2,8685,0.0004,0.0245,0.4017
84,playing,3,4373,0.0037,0.1006,0.6070
84,playing,4,2293,0.0100,0.1599,0.6243
84,playing,5,1379,0.0102,0.1610,0.6476
84,playing,6,791,0.0081,0.1711,0.6034
84,playing,7,371,0.0087,0.1475,0.5831
85,bidding,1,535,1.0000,1.0000,1.0000
85,bidding,2,2602,0.0141,0.6390,0.8807
85,bidding,3,1154,0.0078,0.2859,0.8108
85,bidding,4,1139,0.0054,0.1368,0.7523
85,bidding,5,1158,0.0020,0.0295,0.6885
85,bidding,6,1175,0.0023,0.0118,0.5844
85,bidding,7,1147,0.0021,0.0075,0.4002
85,bidding,8,1120,0.0024,0.0070,0.3881
85,playing,1,17014,1.0000,1.0000,1.0000
85,playing,2,8710,0.0002,0.0245,0.3965
85,playing,3,4266,0.0032,0.0962,0.5855
85,playing,4,2279,0.0084,0.1406,0.5544
85,playing,5,1408,0.0092,0.1501,0.6054
85,playing,6,786,0.0105,0.1508,0.6286
85,playing,7,347,0.0067,0.0851,0.5710
86,bidding,1,522,1.0000,1.0000,1.0000
86,bidding,2,2610,0.0116,0.6240,0.8807
86,bidding,3,1178,0.0108,0.3093,0.8207
86,bidding,4,1127,0.0051,0.1474,0.7369
86,bidding,5,1156,0.0020,0.0464,0.6954
86,bidding,6,1158,0.0021,0.0110,0.5129
86,bidding,7,1161,0.0022,0.0074,0.3781
86,bidding,8,1118,0.0022,0.0066,0.2966
86,playing,1,16869,1.0000,1.0000,1.0000
86,playing,2,8651,0.0002,0.0224,0.3814
86,playing,3,4331,0.0038,0.0995,0.5985
86,playing,4,2388,0.0086,0.1547,0.6181
86,playing,5,1392,0.0130,0.1700,0.6494
86,playing,6,814,0.0076,0.1741,0.6370
86,playing,7,365,0.0088,0.1234,0.5631
87,bidding,1,583,1.0000,1.0000,1.0000
87,bidding,2,2819,0.0101,0.6702,0.8807
87,bidding,3,1254,0.0100,0.3283,0.8222
87,bidding,4,1244,0.0060,0.1553,0.7507
87,bidding,5,1256,0.0023,0.0414,0.7082
87,bidding,6,1267,0.0021,0.0109,0.5787
87,bidding,7,1235,0.0021,0.0072,0.4530
87,bidding,8,1222,0.0024,0.0071,0.3833
87,playing,1,18354,1.0000,1.0000,1.0000
87,playing,2,9373,0.0002,0.0224,0.3914
87,playing,3,4739,0.0035,0.1029,0.6037
87,playing,4,2534,0.0079,0.1405,0.6021
87,playing,5,1487,0.0120,0.1626,0.6549
87,playing,6,882,0.0083,0.1664,0.6078
87,playing,7,391,0.0077,0.1103,0.6211
88,bidding,1,583,1.0000,1.0000,1.0000
88,bidding,2,2821,0.0103,0.6390,0.8807
88,bidding,3,1268,0.0102,0.3135,0.8207
88,bidding,4,1234,0.0051,0.1322,0.7340
88,bidding,5,1245,0.0018,0.0359,0.6957
88,bidding,6,1258,0.0020,0.0098,0.5515
88,bidding,7,1257,0.0019,0.0066,0.3214
88,bidding,8,1214,0.0019,0.0067,0.3104
88,playing,1,18328,1.0000,1.0000,1.0000
88,playing,2,9444,0.0002,0.0224,0.3965
88,playing,3,4705,0.0034,0.0980,0.6107
88,playing,4,2475,0.0086,0.1405,0.6099
88,playing,5,1527,0.0097,0.1521,0.6411
88,playing,6,893,0.0114,0.1931,0.6323
88,playing,7,388,0.0078,0.1315,0.6164
89,bidding,1,562,1.0000,1.0000,1.0000
89,bidding,2,2835,0.0096,0.6240,0.8807
89,bidding,3,1288,0.0089,0.3101,0.8136
89,bidding,4,1221,0.0050,0.1649,0.7336
89,bidding,5,1250,0.0022,0.0426,0.7245
89,bidding,6,1267,0.0021,0.0099,0.5360
89,bidding,7,1223,0.0020,0.0069,0.3989
89,bidding,8,1234,0.0021,0.0073,0.4228
89,playing,1,18216,1.0000,1.0000,1.0000
89,playing,2,9444,0.0002,0.0214,0.3814
89,playing,3,4793,0.0029,0.0961,0.6041
89,playing,4,2514,0.0098,0.1579,0.6030
89,playing,5,1530,0.0095,0.1725,0.6273
89,playing,6,881,0.0095,0.1761,0.6203
89,playing,7,382,0.0076,0.1204,0.6283
90,bidding,1,568,1.0000,1.0000,1.0000
90,bidding,2,2848,0.0110,0.6390,0.8807
90,bidding,3,1274,0.0100,0.3327,0.8006
90,bidding,4,1217,0.0053,0.1549,0.7270
90,bidding,5,1247,0.0019,0.0383,0.6852
90,bidding,6,1259,0.0020,0.0101,0.5625
90,bidding,7,1249,0.0018,0.0069,0.3234
90,bidding,8,1218,0.0020,0.0062,0.3152
90,playing,1,18445,1.0000,1.0000,1.0000
90,playing,2,9464,0.0002,0.0224,0.3965
90,playing,3,4656,0.0042,0.0947,0.5978
90,playing,4,2468,0.0077,0.1462,0.5953
90,playing,5,1473,0.0102,0.1725,0.6341
90,playing,6,854,0.0121,0.1712,0.6425
90,playing,7,400,0.0061,0.1132,0.6212
91,bidding,1,569,1.0000,1.0000,1.0000
91,bidding,2,2842,0.0141,0.6166,0.8807
91,bidding,3,1275,0.0118,0.3054,0.8135
91,bidding,4,1234,0.0057,0.1524,0.7344
91,bidding,5,1247,0.0022,0.0430,0.6837
91,bidding,6,1243,0.0021,0.0095,0.5609
91,bidding,7,1255,0.0018,0.0064,0.3077
91,bidding,8,1215,0.0021,0.0062,0.2572
91,playing,1,18414,1.0000,1.0000,1.0000
91,playing,2,9540,0.0002,0.0224,0.3715
91,playing,3,4576,0.0039,0.0967,0.5836
91,playing,4,2516,0.0086,0.1483,0.5919
91,playing,5,1451,0.0105,0.1632,0.6238
91,playing,6,883,0.0109,0.1711,0.6350
91,playing,7,380,0.0074,0.1055,0.5960
92,bidding,1,564,1.0000,1.0000,1.0000
92,bidding,2,2849,0.0125,0.6622,0.8807
92,bidding,3,1264,0.0105,0.3140,0.8138
92,bidding,4,1226,0.0048,0.1404,0.7309
92,bidding,5,1247,0.0018,0.0289,0.6762
92,bidding,6,1253,0.0018,0.0089,0.4789
92,bidding,7,1244,0.0018,0.0062,0.3747
92,bidding,8,1233,0.0020,0.0059,0.3269
92,playing,1,18496,1.0000,1.0000,1.0000
92,playing,2,9402,0.0002,0.0224,0.3914
92,playing,3,4591,0.0030,0.0943,0.5675
92,playing,4,2515,0.0075,0.1390,0.5893
92,playing,5,1509,0.0081,0.1448,0.5958
92,playing,6,875,0.0102,0.1541,0.5744
92,playing,7,372,0.0076,0.0786,0.5168
93,bidding,1,559,1.0000,1.0000,1.0000
93,bidding,2,2851,0.0096,0.6390,0.8807
93,bidding,3,1259,0.0127,0.3405,0.8277
93,bidding,4,1248,0.0046,0.1767,0.7388
93,bidding,5,1232,0.0020,0.0343,0.6671
93,bidding,6,1279,0.0019,0.0092,0.5831
93,bidding,7,1226,0.0018,0.0063,0.4092
93,bidding,8,1226,0.0021,0.0061,0.3611
93,playing,1,18429,1.0000,1.0000,1.0000
93,playing,2,9449,0.0002,0.0204,0.3814
93,playing,3,4662,0.0038,0.0943,0.5598
93,playing,4,2438,0.0090,0.1486,0.6082
93,playing,5,1495,0.0103,0.1405,0.6037
93,playing,6,897,0.0102,0.1504,0.5878
93,playing,7,390,0.0071,0.0798,0.5881
94,bidding,1,561,1.0000,1.0000,1.0000
94,bidding,2,2844,0.0096,0.6544,0.8807
94,bidding,3,1268,0.0091,0.3289,0.8136
94,bidding,4,1219,0.0047,0.1453,0.7496
94,bidding,5,1267,0.0019,0.0429,0.7058
94,bidding,6,1264,0.0019,0.0095,0.5586
94,bidding,7,1223,0.0018,0.0060,0.3380
94,bidding,8,1234,0.0019,0.0056,0.3213
94,playing,1,18401,1.0000,1.0000,1.0000
94,playing,2,9400,0.0002,0.0204,0.3864
94,playing,3,4679,0.0037,0.0950,0.5844
94,playing,4,2529,0.0079,0.1483,0.5835
94,playing,5,1475,0.0089,0.1665,0.6309
94,playing,6,890,0.0095,0.1707,0.6488
94,playing,7,386,0.0096,0.1260,0.6030
95,bidding,1,576,1.0000,1.0000,1.0000
95,bidding,2,2825,0.0125,0.6466,0.8807
95,bidding,3,1275,0.0109,0.3008,0.8212
95,bidding,4,1225,0.0050,0.1485,0.7324
95,bidding,5,1245,0.0019,0.0389,0.6765
95,bidding,6,1268,0.0018,0.0099,0.6071
95,bidding,7,1234,0.0018,0.0061,0.3943
95,bidding,8,1232,0.0019,0.0057,0.3544
95,playing,1,18338,1.0000,1.0000,1.0000
95,playing,2,9458,0.0002,0.0214,0.3864
95,playing,3,4636,0.0034,0.0919,0.5840
95,playing,4,2538,0.0079,0.1471,0.5963
95,playing,5,1517,0.0080,0.1506,0.6245
95,playing,6,880,0.0097,0.1504,0.5847
95,playing,7,393,0.0067,0.1085,0.5962
96,bidding,1,568,1.0000,1.0000,1.0000
96,bidding,2,2842,0.0110,0.6314,0.8807
96,bidding,3,1270,0.0111,0.3041,0.8205
96,bidding,4,1241,0.0056,0.1364,0.7451
96,bidding,5,1239,0.0020,0.0314,0.6636
96,bidding,6,1245,0.0018,0.0091,0.5691
96,bidding,7,1251,0.0018,0.0059,0.3784
96,bidding,8,1224,0.0019,0.0054,0.2608
96,playing,1,18387,1.0000,1.0000,1.0000
96,playing,2,9435,0.0002,0.0224,0.3965
96,playing,3,4701,0.0033,0.0923,0.5850
96,playing,4,2509,0.0072,0.1359,0.5982
96,playing,5,1469,0.0101,0.1455,0.5707
96,playing,6,864,0.0091,0.1529,0.5924
96,playing,7,395,0.0089,0.1186,0.6618
97,bidding,1,570,1.0000,1.0000,1.0000
97,bidding,2,2851,0.0133,0.6390,0.8807
97,bidding,3,1264,0.0094,0.3229,0.8219
97,bidding,4,1229,0.0052,0.1389,0.7115
97,bidding,5,1246,0.0019,0.0376,0.6954
97,bidding,6,1249,0.0018,0.0096,0.4908
97,bidding,7,1247,0.0018,0.0056,0.3274
97,bidding,8,1224,0.0020,0.0053,0.3266
97,playing,1,18437,1.0000,1.0000,1.0000
97,playing,2,9420,0.0002,0.0204,0.3814
97,playing,3,4646,0.0033,0.0938,0.5802
97,playing,4,2537,0.0088,0.1424,0.5947
97,playing,5,1490,0.0098,0.1508,0.6440
97,playing,6,859,0.0088,0.1548,0.5912
97,playing,7,371,0.0068,0.1036,0.5762
98,bidding,1,575,1.0000,1.0000,1.0000
98,bidding,2,2833,0.0141,0.6466,0.8807
98,bidding,3,1283,0.0107,0.3119,0.8280
98,bidding,4,1230,0.0046,0.1497,0.7337
98,bidding,5,1242,0.0023,0.0375,0.6839
98,bidding,6,1264,0.0020,0.0087,0.5434
98,bidding,7,1230,0.0016,0.0058,0.3679
98,bidding,8,1223,0.0020,0.0056,0.2789
98,playing,1,18395,1.0000,1.0000,1.0000
98,playing,2,9438,0.0002,0.0194,0.3764
98,playing,3,4634,0.0033,0.0919,0.5849
98,playing,4,2512,0.0091,0.1440,0.5862
98,playing,5,1513,0.0093,0.1670,0.6440
98,playing,6,873,0.0104,0.1545,0.6407
98,playing,7,395,0.0064,0.1187,0.5951
99,bidding,1,563,1.0000,1.0000,1.0000
99,bidding,2,2843,0.0110,0.6390,0.8807
99,bidding,3,1275,0.0091,0.3013,0.8285
99,bidding,4,1232,0.0048,0.1767,0.7497
99,bidding,5,1248,0.0021,0.0334,0.6800
99,bidding,6,1259,0.0018,0.0085,0.5241
99,bidding,7,1230,0.0015,0.0053,0.3550
99,bidding,8,1230,0.0019,0.0057,0.2792
99,playing,1,18276,1.0000,1.0000,1.0000
99,playing,2,9430,0.0002,0.0214,0.3764
99,playing,3,4764,0.0033,0.0887,0.6149
99,playing,4,2540,0.0084,0.1355,0.5649
99,playing,5,1506,0.0101,0.1421,0.5961
99,playing,6,858,0.0094,0.1595,0.6241
99,playing,7,386,0.0079,0.1014,0.5912
100,bidding,1,577,1.0000,1.0000,1.0000
100,bidding,2,2838,0.0117,0.6166,0.8807
100,bidding,3,1274,0.0078,0.2854,0.8135
100,bidding,4,1212,0.0054,0.1631,0.7493
100,bidding,5,1257,0.0019,0.0281,0.6683
100,bidding,6,1262,0.0016,0.0082,0.6103
100,bidding,7,1222,0.0018,0.0056,0.3921
100,bidding,8,1238,0.0018,0.0052,0.3720
100,playing,1,18328,1.0000,1.0000,1.0000
100,playing,2,9468,0.0002,0.0194,0.3764
100,playing,3,4709,0.0029,0.0923,0.5975
100,playing,4,2467,0.0075,0.1402,0.6008
100,playing,5,1527,0.0079,0.1551,0.6342
100,playing,6,853,0.0103,0.1426,0.6229
100,playing,7,408,0.0093,0.1094,0.6170
101,bidding,1,577,1.0000,1.0000,1.0000
101,bidding,2,2843,0.0142,0.6314,0.8807
101,bidding,3,1272,0.0113,0.3053,0.8145
101,bidding,4,1240,0.0043,0.1485,0.7286
101,bidding,5,1234,0.0019,0.0338,0.7050
101,bidding,6,1256,0.0017,0.0082,0.5429
101,bidding,7,1234,0.0014,0.0051,0.3197
101,bidding,8,1224,0.0017,0.0051,0.3154
101,playing,1,18239,1.0000,1.0000,1.0000
101,playing,2,9464,0.0002,0.0214,0.3764
101,playing,3,4701,0.0036,0.0891,0.5837
101,playing,4,2565,0.0091,0.1464,0.5918
101,playing,5,1528,0.0100,0.1717,0.6252
101,playing,6,861,0.0083,0.1545,0.6395
101,playing,7,402,0.0082,0.1362,0.5788
102,bidding,1,569,1.0000,1.0000,1.0000
102,bidding,2,2843,0.0125,0.6314,0.8807
102,bidding,3,1274,0.0098,0.2949,0.8277
102,bidding,4,1234,0.0044,0.1234,0.7479
102,bidding,5,1264,0.0023,0.0296,0.6936
102,bidding,6,1241,0.0017,0.0085,0.5770
102,bidding,7,1245,0.0017,0.0055,0.3737
102,bidding,8,1210,0.0018,0.0051,0.3749
102,playing,1,18335,1.0000,1.0000,1.0000
102,playing,2,9372,0.0002,0.0204,0.3764
102,playing,3,4729,0.0033,0.0906,0.5863
102,playing,4,2532,0.0069,0.1305,0.5726
102,playing,5,1520,0.0095,0.1549,0.6155
102,playing,6,880,0.0094,0.1451,0.6182
102,playing,7,392,0.0077,0.1168,0.5985
103,bidding,1,582,1.0000,1.0000,1.0000
103,bidding,2,2832,0.0110,0.6466,0.8807
103,bidding,3,1275,0.0103,0.2982,0.8277
103,bidding,4,1226,0.0052,0.1510,0.7401
103,bidding,5,1260,0.0018,0.0330,0.6972
103,bidding,6,1232,0.0018,0.0088,0.6157
103,bidding,7,1242,0.0017,0.0054,0.4180
103,bidding,8,1231,0.0018,0.0052,0.3048
103,playing,1,18335,1.0000,1.0000,1.0000
103,playing,2,9424,0.0002,0.0204,0.3667
103,playing,3,4688,0.0029,0.0840,0.5962
103,playing,4,2568,0.0068,0.1324,0.5955
103,playing,5,1501,0.0083,0.1504,0.6302
103,playing,6,859,0.0077,0.1478,0.6284
103,playing,7,385,0.0070,0.1080,0.6325
104,bidding,1,573,1.0000,1.0000,1.0000
104,bidding,2,2831,0.0089,0.6240,0.8689
104,bidding,3,1281,0.0073,0.2577,0.8006
104,bidding,4,1257,0.0042,0.1505,0.7379
104,bidding,5,1221,0.0019,0.0284,0.6234
104,bidding,6,1246,0.0015,0.0082,0.5151
104,bidding,7,1245,0.0015,0.0053,0.4494
104,bidding,8,1226,0.0018,0.0050,0.3432
104,playing,1,18432,1.0000,1.0000,1.0000
104,playing,2,9432,0.0002,0.0194,0.3864
104,playing,3,4648,0.0033,0.0914,0.5901
104,playing,4,2503,0.0073,0.1304,0.5838
104,playing,5,1491,0.0080,0.1374,0.6644
104,playing,6,863,0.0081,0.1375,0.6062
104,playing,7,391,0.0066,0.1039,0.5444
105,bidding,1,567,1.0000,1.0000,1.0000
105,bidding,2,2850,0.0110,0.6466,0.8807
105,bidding,3,1280,0.0079,0.3046,0.8135
105,bidding,4,1220,0.0044,0.1443,0.7374
105,bidding,5,1249,0.0019,0.0286,0.6585
105,bidding,6,1244,0.0016,0.0076,0.5855
105,bidding,7,1242,0.0015,0.0053,0.4178
105,bidding,8,1228,0.0019,0.0050,0.2819
105,playing,1,18418,1.0000,1.0000,1.0000
105,playing,2,9333,0.0002,0.0175,0.3814
105,playing,3,4793,0.0031,0.0830,0.5878
105,playing,4,2526,0.0070,0.1279,0.5860
105,playing,5,1447,0.0084,0.1522,0.6391
105,playing,6,854,0.0089,0.1235,0.5978
105,playing,7,389,0.0081,0.1055,0.5543
106,bidding,1,575,1.0000,1.0000,1.0000
106,bidding,2,2854,0.0141,0.6544,0.8807
106,bidding,3,1276,0.0095,0.3043,0.8205
106,bidding,4,1223,0.0050,0.1201,0.7345
106,bidding,5,1252,0.0021,0.0316,0.6338
106,bidding,6,1265,0.0017,0.0092,0.5209
106,bidding,7,1205,0.0016,0.0049,0.3703
106,bidding,8,1230,0.0018,0.0047,0.2691
106,playing,1,18422,1.0000,1.0000,1.0000
106,playing,2,9379,0.0002,0.0185,0.3571
106,playing,3,4643,0.0037,0.0877,0.5694
106,playing,4,2527,0.0066,0.1207,0.5959
106,playing,5,1513,0.0085,0.1432,0.6051
106,playing,6,883,0.0098,0.1322,0.5738
106,playing,7,393,0.0074,0.1105,0.6066
107,bidding,1,568,1.0000,1.0000,1.0000
107,bidding,2,2840,0.0117,0.6240,0.8807
107,bidding,3,1281,0.0065,0.2735,0.8080
107,bidding,4,1238,0.0035,0.1235,0.7245
107,bidding,5,1240,0.0018,0.0304,0.6627
107,bidding,6,1253,0.0016,0.0077,0.5582
107,bidding,7,1238,0.0016,0.0049,0.3649
107,bidding,8,1222,0.0016,0.0047,0.2867
107,playing,1,18230,1.0000,1.0000,1.0000
107,playing,2,9494,0.0002,0.0185,0.3914
107,playing,3,4712,0.0030,0.0895,0.6097
107,playing,4,2558,0.0070,0.1250,0.5870
107,playing,5,1498,0.0089,0.1471,0.6298
107,playing,6,888,0.0083,0.1496,0.6238
107,playing,7,380,0.0079,0.1207,0.5540
108,bidding,1,582,1.0000,1.0000,1.0000
108,bidding,2,2835,0.0117,0.6466,0.8807
108,bidding,3,1265,0.0098,0.2840,0.8336
108,bidding,4,1240,0.0046,0.1259,0.7348
108,bidding,5,1248,0.0018,0.0303,0.6799
108,bidding,6,1237,0.0017,0.0070,0.5336
108,bidding,7,1256,0.0016,0.0053,0.4303
108,bidding,8,1217,0.0016,0.0049,0.3008
108,playing,1,18341,1.0000,1.0000,1.0000
108,playing,2,9390,0.0002,0.0185,0.3618
108,playing,3,4702,0.0028,0.0854,0.5823
108,playing,4,2558,0.0069,0.1237,0.5860
108,playing,5,1513,0.0083,0.1245,0.6167
108,playing,6,874,0.0063,0.1363,0.5879
108,playing,7,382,0.0059,0.0905,0.5039
109,bidding,1,585,1.0000,1.0000,1.0000
109,bidding,2,2842,0.0125,0.6544,0.8807
109,bidding,3,1272,0.0084,0.2888,0.8281
109,bidding,4,1219,0.0038,0.1356,0.7618
109,bidding,5,1254,0.0017,0.0305,0.7014
109,bidding,6,1246,0.0017,0.0084,0.5720
109,bidding,7,1244,0.0015,0.0049,0.4469
109,bidding,8,1218,0.0017,0.0045,0.3167
109,playing,1,18364,1.0000,1.0000,1.0000
109,playing,2,9337,0.0002,0.0194,0.3571
109,playing,3,4699,0.0028,0.0836,0.6171
109,playing,4,2559,0.0070,0.1272,0.5842
109,playing,5,1504,0.0104,0.1347,0.6720
109,playing,6,896,0.0080,0.1289,0.6321
109,playing,7,401,0.0070,0.0930,0.6261
110,bidding,1,568,1.0000,1.0000,1.0000
110,bidding,2,2850,0.0125,0.6314,0.8807
110,bidding,3,1288,0.0102,0.2863,0.8080
110,bidding,4,1218,0.0045,0.1272,0.7264
110,bidding,5,1261,0.0019,0.0242,0.6585
110,bidding,6,1235,0.0016,0.0078,0.5381
110,bidding,7,1248,0.0015,0.0050,0.3111
110,bidding,8,1212,0.0015,0.0044,0.2585
110,playing,1,18424,1.0000,1.0000,1.0000
110,playing,2,9419,0.0002,0.0175,0.3814
110,playing,3,4630,0.0034,0.0846,0.5985
110,playing,4,2538,0.0062,0.1206,0.5901
110,playing,5,1502,0.0075,0.1258,0.6101
110,playing,6,854,0.0072,0.1238,0.5838
110,playing,7,393,0.0076,0.0920,0.5906
111,bidding,1,585,1.0000,1.0000,1.0000
111,bidding,2,2822,0.0133,0.6466,0.8807
111,bidding,3,1294,0.0119,0.2508,0.8143
111,bidding,4,1220,0.0039,0.1108,0.7441
111,bidding,5,1241,0.0018,0.0285,0.6632
111,bidding,6,1262,0.0017,0.0079,0.5494
111,bidding,7,1237,0.0015,0.0046,0.2996
111,bidding,8,1219,0.0016,0.0045,0.2894
111,playing,1,18321,1.0000,1.0000,1.0000
111,playing,2,9482,0.0002,0.0175,0.3571
111,playing,3,4627,0.0030,0.0834,0.6047
111,playing,4,2547,0.0073,0.1180,0.5980
111,playing,5,1510,0.0091,0.1400,0.6030
111,playing,6,875,0.0102,0.1596,0.6101
111,playing,7,398,0.0069,0.1429,0.6307
112,bidding,1,580,1.0000,1.0000,1.0000
112,bidding,2,2844,0.0117,0.6314,0.8807
112,bidding,3,1262,0.0102,0.2948,0.8207
112,bidding,4,1232,0.0025,0.1306,0.7239
112,bidding,5,1256,0.0018,0.0324,0.6797
112,bidding,6,1243,0.0016,0.0072,0.5779
112,bidding,7,1238,0.0014,0.0043,0.3446
112,bidding,8,1225,0.0016,0.0042,0.2745
112,playing,1,18352,1.0000,1.0000,1.0000
112,playing,2,9453,0.0002,0.0185,0.3705
112,playing,3,4641,0.0031,0.0881,0.6042
112,playing,4,2562,0.0059,0.1309,0.6339
112,playing,5,1515,0.0067,0.1408,0.6168
112,playing,6,859,0.0083,0.1381,0.6148
112,playing,7,378,0.0072,0.1073,0.6184
113,bidding,1,554,1.0000,1.0000,1.0000
113,bidding,2,2866,0.0096,0.6314,0.8807
113,bidding,3,1273,0.0061,0.2673,0.8135
113,bidding,4,1227,0.0039,0.1329,0.7575
113,bidding,5,1244,0.0015,0.0317,0.6841
113,bidding,6,1249,0.0015,0.0069,0.5699
113,bidding,7,1259,0.0016,0.0045,0.3728
113,bidding,8,1208,0.0017,0.0045,0.3148
113,playing,1,18276,1.0000,1.0000,1.0000
113,playing,2,9421,0.0002,0.0166,0.3618
113,playing,3,4761,0.0026,0.0757,0.5675
113,playing,4,2530,0.0064,0.1150,0.5690
113,playing,5,1496,0.0085,0.1372,0.6442
113,playing,6,881,0.0063,0.1321,0.6017
113,playing,7,395,0.0075,0.1070,0.5855
114,bidding,1,591,1.0000,1.0000,1.0000
114,bidding,2,2839,0.0110,0.6466,0.8807
114,bidding,3,1264,0.0067,0.2529,0.8200
114,bidding,4,1228,0.0039,0.1273,0.7497
114,bidding,5,1263,0.0018,0.0271,0.6460
114,bidding,6,1244,0.0015,0.0067,0.5421
114,bidding,7,1229,0.0015,0.0045,0.3426
114,bidding,8,1222,0.0016,0.0044,0.2595
114,playing,1,18430,1.0000,1.0000,1.0000
114,playing,2,9384,0.0002,0.0166,0.3571
114,playing,3,4692,0.0029,0.0798,0.5972
114,playing,4,2472,0.0066,0.1140,0.6000
114,playing,5,1511,0.0091,0.1228,0.6038
114,playing,6,880,0.0076,0.1096,0.6066
114,playing,7,391,0.0058,0.0775,0.5544
115,bidding,1,560,1.0000,1.0000,1.0000
115,bidding,2,2858,0.0133,0.6390,0.8807
115,bidding,3,1273,0.0097,0.2667,0.8205
115,bidding,4,1234,0.0036,0.1295,0.7545
115,bidding,5,1243,0.0019,0.0257,0.6380
115,bidding,6,1240,0.0015,0.0064,0.5264
115,bidding,7,1249,0.0014,0.0047,0.4360
115,bidding,8,1223,0.0016,0.0044,0.2958
115,playing,1,18509,1.0000,1.0000,1.0000
115,playing,2,9394,0.0002,0.0166,0.3715
115,playing,3,4686,0.0027,0.0803,0.6073
115,playing,4,2455,0.0066,0.1168,0.5742
115,playing,5,1493,0.0073,0.1318,0.5811
115,playing,6,856,0.0078,0.1343,0.5843
115,playing,7,367,0.0069,0.0977,0.5221
116,bidding,1,553,1.0000,1.0000,1.0000
116,bidding,2,2871,0.0096,0.6466,0.8807
116,bidding,3,1280,0.0097,0.2618,0.8207
116,bidding,4,1225,0.0040,0.1268,0.7440
116,bidding,5,1250,0.0018,0.0303,0.6739
116,bidding,6,1225,0.0016,0.0074,0.5866
116,bidding,7,1267,0.0015,0.0048,0.4664
116,bidding,8,1209,0.0016,0.0043,0.2824
116,playing,1,18257,1.0000,1.0000,1.0000
116,playing,2,9481,0.0002,0.0149,0.3338
116,playing,3,4657,0.0027,0.0720,0.5694
116,playing,4,2523,0.0071,0.1115,0.5715
116,playing,5,1552,0.0081,0.1175,0.5986
116,playing,6,896,0.0088,0.1279,0.5915
116,playing,7,394,0.0069,0.1046,0.5628
117,bidding,1,570,1.0000,1.0000,1.0000
117,bidding,2,2849,0.0096,0.6544,0.8807
117,bidding,3,1278,0.0072,0.2716,0.8135
117,bidding,4,1235,0.0038,0.1283,0.7468
117,bidding,5,1240,0.0017,0.0268,0.6640
117,bidding,6,1231,0.0015,0.0075,0.6054
117,bidding,7,1255,0.0015,0.0048,0.3475
117,bidding,8,1222,0.0016,0.0044,0.2562
117,playing,1,18396,1.0000,1.0000,1.0000
117,playing,2,9378,0.0002,0.0149,0.3618
117,playing,3,4694,0.0029,0.0793,0.6069
117,playing,4,2499,0.0069,0.1170,0.6070
117,playing,5,1528,0.0077,0.1281,0.6085
117,playing,6,867,0.0060,0.1142,0.5432
117,playing,7,398,0.0061,0.0849,0.5773
118,bidding,1,576,1.0000,1.0000,1.0000
118,bidding,2,2843,0.0110,0.6466,0.8807
118,bidding,3,1286,0.0086,0.2444,0.8080
118,bidding,4,1215,0.0040,0.1342,0.7100
118,bidding,5,1257,0.0018,0.0298,0.6536
118,bidding,6,1249,0.0016,0.0073,0.5238
118,bidding,7,1225,0.0015,0.0044,0.3662
118,bidding,8,1229,0.0016,0.0046,0.2675
118,playing,1,18338,1.0000,1.0000,1.0000
118,playing,2,9353,0.0002,0.0157,0.3476
118,playing,3,4689,0.0028,0.0711,0.5670
118,playing,4,2620,0.0065,0.1096,0.5836
118,playing,5,1491,0.0089,0.1202,0.6117
118,playing,6,863,0.0096,0.1307,0.5789
118,playing,7,406,0.0071,0.1176,0.5308
119,bidding,1,572,1.0000,1.0000,1.0000
119,bidding,2,2844,0.0110,0.6466,0.8807
119,bidding,3,1286,0.0079,0.2861,0.8180
119,bidding,4,1241,0.0038,0.1267,0.7242
119,bidding,5,1230,0.0018,0.0267,0.6394
119,bidding,6,1246,0.0016,0.0070,0.5360
119,bidding,7,1224,0.0015,0.0044,0.3197
119,bidding,8,1237,0.0015,0.0042,0.2068
119,playing,1,18295,1.0000,1.0000,1.0000
119,playing,2,9455,0.0002,0.0157,0.3430
119,playing,3,4712,0.0027,0.0770,0.5926
119,playing,4,2561,0.0053,0.1168,0.5965
119,playing,5,1494,0.0075,0.1258,0.6237
119,playing,6,849,0.0071,0.1396,0.6302
119,playing,7,394,0.0070,0.0772,0.5284
120,bidding,1,572,1.0000,1.0000,1.0000
120,bidding,2,2852,0.0110,0.6314,0.8807
120,bidding,3,1286,0.0088,0.2867,0.8156
120,bidding,4,1211,0.0038,0.1298,0.7286
120,bidding,5,1261,0.0019,0.0262,0.6710
120,bidding,6,1243,0.0016,0.0070,0.5552
120,bidding,7,1230,0.0015,0.0044,0.3400
120,bidding,8,1225,0.0016,0.0043,0.2386
120,playing,1,18338,1.0000,1.0000,1.0000
120,playing,2,9455,0.0001,0.0149,0.3618
120,playing,3,4673,0.0028,0.0746,0.5872
120,playing,4,2526,0.0058,0.1130,0.5812
120,playing,5,1503,0.0074,0.1164,0.5948
120,playing,6,877,0.0074,0.1214,0.6146
120,playing,7,388,0.0062,0.1290,0.5540
121,bidding,1,557,1.0000,1.0000,1.0000
121,bidding,2,2862,0.0096,0.6390,0.8807
121,bidding,3,1290,0.0068,0.2812,0.8145
121,bidding,4,1217,0.0038,0.1449,0.7296
121,bidding,5,1257,0.0017,0.0313,0.6668
121,bidding,6,1231,0.0016,0.0081,0.5267
121,bidding,7,1244,0.0015,0.0044,0.4098
121,bidding,8,1222,0.0015,0.0042,0.2971
121,playing,1,18196,1.0000,1.0000,1.0000
121,playing,2,9433,0.0001,0.0157,0.3618
121,playing,3,4744,0.0028,0.0769,0.5906
121,playing,4,2585,0.0050,0.1073,0.6038
121,playing,5,1545,0.0083,0.1277,0.5953
121,playing,6,875,0.0069,0.1144,0.5694
121,playing,7,382,0.0071,0.1084,0.5746
122,bidding,1,577,1.0000,1.0000,1.0000
122,bidding,2,2840,0.0103,0.6466,0.8807
122,bidding,3,1285,0.0102,0.2705,0.8277
122,bidding,4,1232,0.0037,0.1317,0.7403
122,bidding,5,1251,0.0017,0.0274,0.6726
122,bidding,6,1240,0.0016,0.0075,0.5822
122,bidding,7,1231,0.0014,0.0044,0.3566
122,bidding,8,1224,0.0016,0.0043,0.2570
122,playing,1,18387,1.0000,1.0000,1.0000
122,playing,2,9310,0.0002,0.0157,0.3864
122,playing,3,4711,0.0027,0.0814,0.5949
122,playing,4,2562,0.0054,0.1139,0.5811
122,playing,5,1518,0.0059,0.1294,0.6068
122,playing,6,869,0.0068,0.1025,0.6236
122,playing,7,403,0.0065,0.0865,0.5845
123,bidding,1,573,1.0000,1.0000,1.0000
123,bidding,2,2852,0.0118,0.6390,0.8807
123,bidding,3,1272,0.0078,0.2989,0.8270
123,bidding,4,1235,0.0037,0.1350,0.7548
123,bidding,5,1249,0.0018,0.0287,0.7160
123,bidding,6,1256,0.0015,0.0073,0.5966
123,bidding,7,1236,0.0014,0.0043,0.4017
123,bidding,8,1207,0.0015,0.0043,0.2858
123,playing,1,18364,1.0000,1.0000,1.0000
123,playing,2,9337,0.0001,0.0149,0.3638
123,playing,3,4727,0.0031,0.0769,0.5781
123,playing,4,2533,0.0062,0.1076,0.5806
123,playing,5,1530,0.0082,0.1132,0.6105
123,playing,6,878,0.0066,0.1005,0.5645
123,playing,7,391,0.0070,0.0915,0.5974
124,bidding,1,582,1.0000,1.0000,1.0000
124,bidding,2,2842,0.0133,0.6314,0.8689
124,bidding,3,1286,0.0070,0.2710,0.8069
124,bidding,4,1208,0.0038,0.1182,0.7202
124,bidding,5,1261,0.0017,0.0296,0.6651
124,bidding,6,1246,0.0015,0.0070,0.6096
124,bidding,7,1235,0.0014,0.0043,0.3288
124,bidding,8,1220,0.0016,0.0042,0.2319
124,playing,1,18390,1.0000,1.0000,1.0000
124,playing,2,9351,0.0001,0.0141,0.3384
124,playing,3,4736,0.0028,0.0737,0.5736
124,playing,4,2518,0.0066,0.1131,0.5849
124,playing,5,1512,0.0070,0.1545,0.6407
124,playing,6,865,0.0069,0.1136,0.5549
124,playing,7,388,0.0065,0.1000,0.5225
125,bidding,1,566,1.0000,1.0000,1.0000
125,bidding,2,2863,0.0133,0.6093,0.8807
125,bidding,3,1268,0.0096,0.2507,0.8281
125,bidding,4,1241,0.0036,0.1242,0.7290
125,bidding,5,1240,0.0018,0.0264,0.6484
125,bidding,6,1262,0.0015,0.0070,0.5992
125,bidding,7,1227,0.0014,0.0042,0.3227
125,bidding,8,1217,0.0016,0.0041,0.2760
125,playing,1,18472,1.0000,1.0000,1.0000
125,playing,2,9326,0.0002,0.0149,0.3476
125,playing,3,4656,0.0025,0.0775,0.5937
125,playing,4,2541,0.0051,0.1082,0.5818
125,playing,5,1502,0.0068,0.1190,0.5982
125,playing,6,894,0.0091,0.1293,0.5886
125,playing,7,395,0.0075,0.0856,0.5544
126,bidding,1,570,1.0000,1.0000,1.0000
126,bidding,2,2850,0.0141,0.6544,0.8689
126,bidding,3,1286,0.0107,0.2624,0.8065
126,bidding,4,1235,0.0029,0.1140,0.7183
126,bidding,5,1245,0.0017,0.0306,0.6332
126,bidding,6,1234,0.0016,0.0062,0.5527
126,bidding,7,1234,0.0013,0.0042,0.3636
126,bidding,8,1226,0.0015,0.0041,0.2309
126,playing,1,18365,1.0000,1.0000,1.0000
126,playing,2,9425,0.0002,0.0149,0.3338
126,playing,3,4679,0.0027,0.0673,0.5706
126,playing,4,2494,0.0053,0.1038,0.5807
126,playing,5,1541,0.0077,0.1117,0.5895
126,playing,6,864,0.0096,0.1266,0.5806
126,playing,7,392,0.0062,0.1063,0.5640
127,bidding,1,580,1.0000,1.0000,1.0000
127,bidding,2,2845,0.0117,0.6466,0.8807
127,bidding,3,1292,0.0074,0.2465,0.8207
127,bidding,4,1212,0.0042,0.1280,0.7287
127,bidding,5,1252,0.0017,0.0263,0.6544
127,bidding,6,1250,0.0014,0.0070,0.5805
127,bidding,7,1230,0.0013,0.0041,0.3543
127,bidding,8,1219,0.0015,0.0041,0.2159
127,playing,1,18493,1.0000,1.0000,1.0000
127,playing,2,9412,0.0002,0.0157,0.3476
127,playing,3,4678,0.0025,0.0657,0.5632
127,playing,4,2446,0.0053,0.0996,0.5701
127,playing,5,1510,0.0063,0.1217,0.5852
127,playing,6,846,0.0081,0.1305,0.5939
127,playing,7,375,0.0059,0.0539,0.5559
128,bidding,1,577,1.0000,1.0000,1.0000
128,bidding,2,2852,0.0117,0.6466,0.8807
128,bidding,3,1277,0.0084,0.2505,0.8141
128,bidding,4,1222,0.0038,0.1338,0.7390
128,bidding,5,1247,0.0017,0.0263,0.6812
128,bidding,6,1250,0.0015,0.0071,0.5805
128,bidding,7,1236,0.0014,0.0042,0.3380
128,bidding,8,1219,0.0016,0.0043,0.2663
128,playing,1,18354,1.0000,1.0000,1.0000
128,playing,2,9369,0.0001,0.0141,0.3293
128,playing,3,4681,0.0024,0.0713,0.5779
128,playing,4,2554,0.0051,0.1059,0.5899
128,playing,5,1518,0.0066,0.1309,0.6431
128,playing,6,900,0.0077,0.1241,0.5887
128,playing,7,384,0.0054,0.0779,0.5759
129,bidding,1,562,1.0000,1.0000,1.0000
129,bidding,2,2861,0.0083,0.6466,0.8807
129,bidding,3,1280,0.0060,0.2857,0.8222
129,bidding,4,1227,0.0031,0.1020,0.7502
129,bidding,5,1241,0.0015,0.0219,0.6454
129,bidding,6,1257,0.0014,0.0076,0.5297
129,bidding,7,1217,0.0014,0.0042,0.3688
129,bidding,8,1235,0.0015,0.0040,0.2689
129,playing,1,18365,1.0000,1.0000,1.0000
129,playing,2,9499,0.0001,0.0133,0.3430
129,playing,3,4678,0.0025,0.0725,0.6124
129,playing,4,2510,0.0060,0.1044,0.6078
129,playing,5,1432,0.0060,0.1187,0.6116
129,playing,6,885,0.0079,0.1185,0.6025
129,playing,7,391,0.0076,0.1184,0.6227
130,bidding,1,569,1.0000,1.0000,1.0000
130,bidding,2,2858,0.0096,0.6544,0.8807
130,bidding,3,1276,0.0070,0.2828,0.8212
130,bidding,4,1225,0.0036,0.1399,0.7517
130,bidding,5,1252,0.0016,0.0232,0.6458
130,bidding,6,1225,0.0013,0.0062,0.5600
130,bidding,7,1256,0.0014,0.0041,0.4334
130,bidding,8,1219,0.0015,0.0040,0.1987
130,playing,1,18355,1.0000,1.0000,1.0000
130,playing,2,9448,0.0001,0.0141,0.3476
130,playing,3,4683,0.0025,0.0693,0.6080
130,playing,4,2504,0.0053,0.1034,0.5875
130,playing,5,1515,0.0063,0.1201,0.6190
130,playing,6,872,0.0068,0.1044,0.6157
130,playing,7,383,0.0067,0.0671,0.5588
131,bidding,1,570,1.0000,1.0000,1.0000
131,bidding,2,2859,0.0083,0.6314,0.8807
131,bidding,3,1277,0.0088,0.2855,0.8145
131,bidding,4,1212,0.0027,0.1155,0.7085
131,bidding,5,1282,0.0016,0.0251,0.6925
131,bidding,6,1234,0.0014,0.0068,0.5507
131,bidding,7,1232,0.0014,0.0041,0.2314
131,bidding,8,1214,0.0015,0.0041,0.2678
131,playing,1,18271,1.0000,1.0000,1.0000
131,playing,2,9456,0.0001,0.0141,0.3430
131,playing,3,4689,0.0027,0.0732,0.5852
131,playing,4,2554,0.0051,0.1101,0.6086
131,playing,5,1523,0.0060,0.1155,0.6006
131,playing,6,874,0.0070,0.1127,0.5835
131,playing,7,393,0.0084,0.1040,0.5462
132,bidding,1,564,1.0000,1.0000,1.0000
132,bidding,2,2857,0.0087,0.6314,0.8689
132,bidding,3,1288,0.0091,0.2779,0.8138
132,bidding,4,1228,0.0034,0.1155,0.7291
132,bidding,5,1252,0.0016,0.0233,0.6675
132,bidding,6,1241,0.0013,0.0072,0.5645
132,bidding,7,1226,0.0013,0.0043,0.3083
132,bidding,8,1224,0.0015,0.0041,0.2765
132,playing,1,18413,1.0000,1.0000,1.0000
132,playing,2,9403,0.0001,0.0141,0.3467
132,playing,3,4698,0.0027,0.0711,0.5586
132,playing,4,2491,0.0061,0.1142,0.5806
132,playing,5,1494,0.0073,0.1198,0.5938
132,playing,6,868,0.0069,0.1189,0.6152
132,playing,7,393,0.0068,0.0876,0.5327
133,bidding,1,579,1.0000,1.0000,1.0000
133,bidding,2,2847,0.0110,0.6466,0.8807
133,bidding,3,1273,0.0067,0.2820,0.8135
133,bidding,4,1220,0.0031,0.1160,0.7404
133,bidding,5,1250,0.0014,0.0212,0.6723
133,bidding,6,1257,0.0014,0.0066,0.5769
133,bidding,7,1234,0.0014,0.0042,0.3467
133,bidding,8,1220,0.0015,0.0038,0.2654
133,playing,1,18335,1.0000,1.0000,1.0000
133,playing,2,9408,0.0002,0.0149,0.3571
133,playing,3,4722,0.0027,0.0694,0.5878
133,playing,4,2533,0.0055,0.1002,0.5885
133,playing,5,1509,0.0052,0.1042,0.5793
133,playing,6,882,0.0074,0.1152,0.5768
133,playing,7,371,0.0062,0.0801,0.5848
134,bidding,1,581,1.0000,1.0000,1.0000
134,bidding,2,2840,0.0117,0.6583,0.8807
134,bidding,3,1286,0.0076,0.2620,0.8212
134,bidding,4,1228,0.0032,0.1402,0.7401
134,bidding,5,1259,0.0016,0.0294,0.6791
134,bidding,6,1218,0.0015,0.0066,0.5623
134,bidding,7,1245,0.0012,0.0040,0.3989
134,bidding,8,1223,0.0015,0.0041,0.2792
134,playing,1,18285,1.0000,1.0000,1.0000
134,playing,2,9418,0.0001,0.0133,0.3293
134,playing,3,4752,0.0024,0.0660,0.6030
134,playing,4,2510,0.0063,0.1053,0.6049
134,playing,5,1515,0.0073,0.1401,0.6301
134,playing,6,885,0.0072,0.1195,0.6362
134,playing,7,395,0.0064,0.1082,0.5608
135,bidding,1,587,1.0000,1.0000,1.0000
135,bidding,2,2828,0.0117,0.6314,0.8807
135,bidding,3,1284,0.0079,0.2507,0.8207
135,bidding,4,1224,0.0029,0.1049,0.7240
135,bidding,5,1256,0.0015,0.0239,0.6458
135,bidding,6,1243,0.0014,0.0060,0.5254
135,bidding,7,1229,0.0014,0.0039,0.3421
135,bidding,8,1229,0.0015,0.0039,0.1856
135,playing,1,18290,1.0000,1.0000,1.0000
135,playing,2,9503,0.0001,0.0141,0.3476
135,playing,3,4637,0.0027,0.0704,0.5727
135,playing,4,2538,0.0050,0.0952,0.5709
135,playing,5,1498,0.0070,0.1125,0.5827
135,playing,6,899,0.0082,0.1270,0.5957
135,playing,7,395,0.0067,0.0891,0.5533
136,bidding,1,584,1.0000,1.0000,1.0000
136,bidding,2,2842,0.0125,0.6466,0.8807
136,bidding,3,1276,0.0084,0.2514,0.8176
136,bidding,4,1215,0.0029,0.1131,0.7387
136,bidding,5,1266,0.0016,0.0240,0.6562
136,bidding,6,1227,0.0015,0.0059,0.5487
136,bidding,7,1243,0.0014,0.0043,0.3855
136,bidding,8,1227,0.0015,0.0039,0.2217
136,playing,1,18317,1.0000,1.0000,1.0000
136,playing,2,9458,0.0001,0.0133,0.3204
136,playing,3,4691,0.0025,0.0697,0.5685
136,playing,4,2514,0.0052,0.1001,0.5845
136,playing,5,1521,0.0066,0.1062,0.6367
136,playing,6,878,0.0082,0.1071,0.6209
136,playing,7,381,0.0062,0.0858,0.5247
137,bidding,1,572,1.0000,1.0000,1.0000
137,bidding,2,2852,0.0110,0.6544,0.8807
137,bidding,3,1282,0.0105,0.2598,0.8205
137,bidding,4,1234,0.0031,0.1326,0.7491
137,bidding,5,1244,0.0016,0.0250,0.6205
137,bidding,6,1237,0.0015,0.0070,0.5751
137,bidding,7,1223,0.0013,0.0041,0.4018
137,bidding,8,1236,0.0015,0.0040,0.2990
137,playing,1,18153,1.0000,1.0000,1.0000
137,playing,2,9500,0.0001,0.0125,0.3384
137,playing,3,4758,0.0027,0.0713,0.6141
137,playing,4,2602,0.0055,0.1064,0.5984
137,playing,5,1504,0.0067,0.1202,0.6331
137,playing,6,855,0.0067,0.1155,0.6092
137,playing,7,388,0.0080,0.1177,0.5858
138,bidding,1,580,1.0000,1.0000,1.0000
138,bidding,2,2845,0.0133,0.6390,0.8807
138,bidding,3,1283,0.0070,0.2502,0.8138
138,bidding,4,1212,0.0030,0.1399,0.7547
138,bidding,5,1249,0.0016,0.0306,0.6886
138,bidding,6,1242,0.0014,0.0061,0.5480
138,bidding,7,1242,0.0013,0.0039,0.3624
138,bidding,8,1227,0.0015,0.0041,0.4101
138,playing,1,18297,1.0000,1.0000,1.0000
138,playing,2,9492,0.0001,0.0133,0.3523
138,playing,3,4660,0.0028,0.0749,0.6163
138,playing,4,2538,0.0048,0.1093,0.6158
138,playing,5,1518,0.0068,0.1254,0.6336
138,playing,6,862,0.0089,0.1556,0.6427
138,playing,7,393,0.0058,0.0880,0.5956
139,bidding,1,569,1.0000,1.0000,1.0000
139,bidding,2,2860,0.0117,0.6314,0.8807
139,bidding,3,1280,0.0105,0.2774,0.8277
139,bidding,4,1221,0.0038,0.1459,0.7394
139,bidding,5,1262,0.0015,0.0188,0.6579
139,bidding,6,1227,0.0013,0.0057,0.5591
139,bidding,7,1240,0.0013,0.0041,0.3300
139,bidding,8,1221,0.0014,0.0037,0.2107
139,playing,1,18257,1.0000,1.0000,1.0000
139,playing,2,9539,0.0001,0.0125,0.3338
139,playing,3,4685,0.0025,0.0729,0.6128
139,playing,4,2544,0.0056,0.1086,0.5891
139,playing,5,1462,0.0066,0.1234,0.6102
139,playing,6,872,0.0063,0.1178,0.5716
139,playing,7,401,0.0065,0.0923,0.6128
140,bidding,1,574,1.0000,1.0000,1.0000
140,bidding,2,2855,0.0133,0.6466,0.8807
140,bidding,3,1281,0.0079,0.2794,0.8138
140,bidding,4,1209,0.0033,0.1214,0.7135
140,bidding,5,1281,0.0015,0.0306,0.7024
140,bidding,6,1213,0.0014,0.0067,0.5680
140,bidding,7,1238,0.0013,0.0039,0.3682
140,bidding,8,1229,0.0014,0.0039,0.3318
140,playing,1,18363,1.0000,1.0000,1.0000
140,playing,2,9456,0.0001,0.0125,0.3384
140,playing,3,4661,0.0027,0.0664,0.5850
140,playing,4,2517,0.0057,0.0979,0.5785
140,playing,5,1508,0.0073,0.1157,0.5889
140,playing,6,873,0.0059,0.1297,0.6159
140,playing,7,382,0.0062,0.0972,0.5639
141,bidding,1,561,1.0000,1.0000,1.0000
141,bidding,2,2861,0.0149,0.6166,0.8807
141,bidding,3,1273,0.0109,0.2768,0.8145
141,bidding,4,1223,0.0036,0.1163,0.7138
141,bidding,5,1260,0.0014,0.0265,0.6461
141,bidding,6,1253,0.0014,0.0060,0.5618
141,bidding,7,1217,0.0013,0.0038,0.2763
141,bidding,8,1232,0.0015,0.0040,0.2280
141,playing,1,18302,1.0000,1.0000,1.0000
141,playing,2,9375,0.0001,0.0117,0.3338
141,playing,3,4706,0.0025,0.0694,0.6076
141,playing,4,2586,0.0059,0.0987,0.6031
141,playing,5,1521,0.0067,0.1138,0.6013
141,playing,6,865,0.0071,0.1141,0.6490
141,playing,7,405,0.0065,0.1127,0.5937
142,bidding,1,581,1.0000,1.0000,1.0000
142,bidding,2,2844,0.0110,0.6505,0.8689
142,bidding,3,1292,0.0094,0.2764,0.8212
142,bidding,4,1211,0.0037,0.1319,0.7199
142,bidding,5,1264,0.0014,0.0283,0.6755
142,bidding,6,1236,0.0013,0.0064,0.5769
142,bidding,7,1219,0.0013,0.0037,0.2747
142,bidding,8,1233,0.0014,0.0038,0.1938
142,playing,1,18398,1.0000,1.0000,1.0000
142,playing,2,9431,0.0001,0.0133,0.3430
142,playing,3,4700,0.0025,0.0703,0.5761
142,playing,4,2518,0.0055,0.0922,0.5602
142,playing,5,1457,0.0075,0.1092,0.5854
142,playing,6,868,0.0066,0.1056,0.5743
142,playing,7,388,0.0084,0.0963,0.5430
143,bidding,1,569,1.0000,1.0000,1.0000
143,bidding,2,2857,0.0133,0.6314,0.8807
143,bidding,3,1291,0.0079,0.2404,0.8281
143,bidding,4,1202,0.0043,0.1360,0.7541
143,bidding,5,1264,0.0015,0.0251,0.6669
143,bidding,6,1237,0.0014,0.0063,0.6178
143,bidding,7,1236,0.0013,0.0043,0.3796
143,bidding,8,1224,0.0014,0.0039,0.2611
143,playing,1,18345,1.0000,1.0000,1.0000
143,playing,2,9382,0.0001,0.0133,0.3523
143,playing,3,4719,0.0024,0.0638,0.5931
143,playing,4,2568,0.0047,0.0959,0.5684
143,playing,5,1472,0.0059,0.1070,0.5600
143,playing,6,859,0.0074,0.1062,0.5647
143,playing,7,415,0.0062,0.0553,0.5739
144,bidding,1,576,1.0000,1.0000,1.0000
144,bidding,2,2841,0.0110,0.6544,0.8807
144,bidding,3,1287,0.0106,0.3009,0.8205
144,bidding,4,1219,0.0033,0.1417,0.7555
144,bidding,5,1259,0.0014,0.0213,0.6766
144,bidding,6,1250,0.0013,0.0062,0.6055
144,bidding,7,1221,0.0013,0.0038,0.2378
144,bidding,8,1227,0.0014,0.0037,0.2136
144,playing,1,18361,1.0000,1.0000,1.0000
144,playing,2,9431,0.0001,0.0125,0.3293
144,playing,3,4703,0.0025,0.0737,0.6177
144,playing,4,2538,0.0046,0.0934,0.6404
144,playing,5,1511,0.0064,0.1037,0.5988
144,playing,6,842,0.0059,0.1024,0.5693
144,playing,7,374,0.0074,0.0844,0.6603
145,bidding,1,564,1.0000,1.0000,1.0000
145,bidding,2,2860,0.0110,0.6314,0.8807
145,bidding,3,1285,0.0076,0.2596,0.8210
145,bidding,4,1218,0.0031,0.1329,0.7360
145,bidding,5,1249,0.0016,0.0253,0.6581
145,bidding,6,1232,0.0013,0.0069,0.5556
145,bidding,7,1239,0.0012,0.0037,0.2933
145,bidding,8,1233,0.0014,0.0038,0.2574
145,playing,1,18374,1.0000,1.0000,1.0000
145,playing,2,9432,0.0001,0.0125,0.3204
145,playing,3,4679,0.0022,0.0640,0.5776
145,playing,4,2496,0.0064,0.0927,0.5842
145,playing,5,1530,0.0057,0.0921,0.5673
145,playing,6,877,0.0072,0.1252,0.5863
145,playing,7,372,0.0065,0.1048,0.5464
146,bidding,1,573,1.0000,1.0000,1.0000
146,bidding,2,2856,0.0083,0.6622,0.8807
146,bidding,3,1282,0.0072,0.3071,0.8212
146,bidding,4,1224,0.0028,0.1320,0.7495
146,bidding,5,1245,0.0014,0.0265,0.6747
146,bidding,6,1238,0.0012,0.0056,0.5485
146,bidding,7,1229,0.0013,0.0039,0.3733
146,bidding,8,1233,0.0013,0.0037,0.2920
146,playing,1,18322,1.0000,1.0000,1.0000
146,playing,2,9362,0.0001,0.0125,0.3618
146,playing,3,4744,0.0027,0.0646,0.6015
146,playing,4,2538,0.0055,0.0973,0.5865
146,playing,5,1511,0.0065,0.1138,0.5919
146,playing,6,871,0.0057,0.0958,0.5773
146,playing,7,412,0.0064,0.0791,0.6600
147,bidding,1,571,1.0000,1.0000,1.0000
147,bidding,2,2849,0.0082,0.6466,0.8713
147,bidding,3,1286,0.0053,0.2750,0.8207
147,bidding,4,1221,0.0028,0.1340,0.7345
147,bidding,5,1250,0.0014,0.0378,0.6969
147,bidding,6,1233,0.0013,0.0059,0.5474
147,bidding,7,1244,0.0012,0.0040,0.4019
147,bidding,8,1226,0.0014,0.0037,0.2635
147,playing,1,18460,1.0000,1.0000,1.0000
147,playing,2,9432,0.0001,0.0125,0.3384
147,playing,3,4621,0.0025,0.0675,0.6004
147,playing,4,2492,0.0058,0.1013,0.6099
147,playing,5,1504,0.0058,0.1133,0.6176
147,playing,6,874,0.0068,0.1320,0.5969
147,playing,7,377,0.0056,0.0736,0.4999
148,bidding,1,565,1.0000,1.0000,1.0000
148,bidding,2,2856,0.0103,0.6314,0.8807
148,bidding,3,1286,0.0088,0.2547,0.8212
148,bidding,4,1215,0.0033,0.1189,0.7374
148,bidding,5,1257,0.0014,0.0313,0.6734
148,bidding,6,1241,0.0012,0.0068,0.5795
148,bidding,7,1232,0.0013,0.0040,0.2915
148,bidding,8,1228,0.0013,0.0036,0.2558
148,playing,1,18391,1.0000,1.0000,1.0000
148,playing,2,9422,0.0001,0.0133,0.3571
148,playing,3,4688,0.0024,0.0639,0.5747
148,playing,4,2506,0.0048,0.0973,0.5568
148,playing,5,1479,0.0058,0.1104,0.5928
148,playing,6,872,0.0069,0.1201,0.5658
148,playing,7,402,0.0077,0.0927,0.5824
149,bidding,1,571,1.0000,1.0000,1.0000
149,bidding,2,2870,0.0141,0.6314,0.8807
149,bidding,3,1271,0.0088,0.2827,0.8145
149,bidding,4,1240,0.0035,0.0977,0.7344
149,bidding,5,1231,0.0015,0.0220,0.6579
149,bidding,6,1228,0.0013,0.0060,0.5547
149,bidding,7,1236,0.0012,0.0037,0.3673
149,bidding,8,1233,0.0014,0.0037,0.2868
149,playing,1,18396,1.0000,1.0000,1.0000
149,playing,2,9438,0.0001,0.0125,0.3204
149,playing,3,4617,0.0027,0.0633,0.5544
149,playing,4,2526,0.0053,0.0988,0.5858
149,playing,5,1511,0.0064,0.1007,0.6032
149,playing,6,888,0.0063,0.1097,0.5898
149,playing,7,384,0.0045,0.0759,0.5627
150,bidding,1,557,1.0000,1.0000,1.0000
150,bidding,2,2869,0.0133,0.6314,0.8807
150,bidding,3,1283,0.0089,0.2562,0.8066
150,bidding,4,1213,0.0036,0.1258,0.7382
150,bidding,5,1276,0.0014,0.0251,0.6554
150,bidding,6,1235,0.0014,0.0065,0.5458
150,bidding,7,1217,0.0013,0.0037,0.3217
150,bidding,8,1230,0.0014,0.0036,0.2750
150,playing,1,18400,1.0000,1.0000,1.0000
150,playing,2,9458,0.0001,0.0125,0.3523
150,playing,3,4651,0.0024,0.0659,0.5679
150,playing,4,2515,0.0051,0.0949,0.5768
150,playing,5,1492,0.0064,0.1140,0.6291
150,playing,6,869,0.0070,0.1094,0.5962
150,playing,7,375,0.0062,0.0970,0.5492
151,bidding,1,577,1.0000,1.0000,1.0000
151,bidding,2,2847,0.0110,0.6390,0.8807
151,bidding,3,1291,0.0070,0.2768,0.8135
151,bidding,4,1221,0.0031,0.1251,0.7722
151,bidding,5,1258,0.0016,0.0239,0.6713
151,bidding,6,1231,0.0013,0.0063,0.5711
151,bidding,7,1239,0.0013,0.0040,0.3542
151,bidding,8,1216,0.0013,0.0037,0.3058
151,playing,1,18308,1.0000,1.0000,1.0000
151,playing,2,9496,0.0001,0.0125,0.3571
151,playing,3,4700,0.0024,0.0665,0.6154
151,playing,4,2521,0.0052,0.0989,0.5754
151,playing,5,1486,0.0059,0.1101,0.6361
151,playing,6,869,0.0063,0.1430,0.5753
151,playing,7,380,0.0063,0.0886,0.5803
152,bidding,1,578,1.0000,1.0000,1.0000
152,bidding,2,2847,0.0110,0.6240,0.8807
152,bidding,3,1287,0.0095,0.2794,0.8222
152,bidding,4,1231,0.0036,0.1159,0.7441
152,bidding,5,1246,0.0014,0.0223,0.6499
152,bidding,6,1219,0.0012,0.0069,0.6198
152,bidding,7,1243,0.0013,0.0041,0.3235
152,bidding,8,1229,0.0014,0.0037,0.2305
152,playing,1,18331,1.0000,1.0000,1.0000
152,playing,2,9440,0.0001,0.0117,0.3523
152,playing,3,4622,0.0024,0.0699,0.5980
152,playing,4,2561,0.0055,0.1038,0.6020
152,playing,5,1540,0.0058,0.1050,0.5829
152,playing,6,866,0.0067,0.1128,0.5849
152,playing,7,400,0.0067,0.1131,0.5866
153,bidding,1,588,1.0000,1.0000,1.0000
153,bidding,2,2833,0.0103,0.6544,0.8807
153,bidding,3,1281,0.0068,0.2448,0.8138
153,bidding,4,1234,0.0029,0.1150,0.7339
153,bidding,5,1253,0.0016,0.0233,0.6358
153,bidding,6,1220,0.0012,0.0064,0.5236
153,bidding,7,1236,0.0012,0.0036,0.3122
153,bidding,8,1235,0.0014,0.0035,0.2151
153,playing,1,18224,1.0000,1.0000,1.0000
153,playing,2,9402,0.0001,0.0117,0.3293
153,playing,3,4733,0.0022,0.0650,0.6050
153,playing,4,2567,0.0048,0.0913,0.5851
153,playing,5,1543,0.0061,0.0948,0.5768
153,playing,6,900,0.0072,0.1092,0.5876
153,playing,7,391,0.0069,0.0795,0.5378
154,bidding,1,556,1.0000,1.0000,1.0000
154,bidding,2,2869,0.0125,0.6240,0.8807
154,bidding,3,1290,0.0073,0.2584,0.8138
154,bidding,4,1224,0.0032,0.1345,0.7488
154,bidding,5,1240,0.0014,0.0222,0.6839
154,bidding,6,1233,0.0013,0.0061,0.5321
154,bidding,7,1231,0.0012,0.0035,0.2589
154,bidding,8,1237,0.0013,0.0036,0.2974
154,playing,1,18331,1.0000,1.0000,1.0000
154,playing,2,9386,0.0001,0.0117,0.3384
154,playing,3,4658,0.0023,0.0630,0.5793
154,playing,4,2602,0.0045,0.0912,0.5776
154,playing,5,1504,0.0070,0.1216,0.5948
154,playing,6,887,0.0072,0.1309,0.6212
154,playing,7,392,0.0072,0.1182,0.5559
155,bidding,1,575,1.0000,1.0000,1.0000
155,bidding,2,2850,0.0096,0.6314,0.8807
155,bidding,3,1280,0.0082,0.2793,0.8135
155,bidding,4,1223,0.0034,0.1308,0.7444
155,bidding,5,1255,0.0013,0.0239,0.6857
155,bidding,6,1224,0.0013,0.0061,0.5802
155,bidding,7,1242,0.0011,0.0036,0.4254
155,bidding,8,1231,0.0015,0.0037,0.2424
155,playing,1,18218,1.0000,1.0000,1.0000
155,playing,2,9499,0.0001,0.0125,0.3384
155,playing,3,4734,0.0023,0.0660,0.5965
155,playing,4,2503,0.0048,0.0966,0.5891
155,playing,5,1516,0.0066,0.1196,0.6117
155,playing,6,892,0.0068,0.1223,0.5961
155,playing,7,398,0.0067,0.0960,0.5444
156,bidding,1,582,1.0000,1.0000,1.0000
156,bidding,2,2842,0.0158,0.6093,0.8807
156,bidding,3,1293,0.0078,0.2551,0.8288
156,bidding,4,1226,0.0030,0.1088,0.7417
156,bidding,5,1251,0.0014,0.0226,0.6607
156,bidding,6,1222,0.0013,0.0057,0.5134
156,bidding,7,1239,0.0012,0.0037,0.3305
156,bidding,8,1225,0.0013,0.0037,0.3152
156,playing,1,18307,1.0000,1.0000,1.0000
156,playing,2,9433,0.0001,0.0133,0.3430
156,playing,3,4731,0.0023,0.0608,0.5975
156,playing,4,2496,0.0052,0.0944,0.5768
156,playing,5,1533,0.0068,0.1091,0.6197
156,playing,6,881,0.0062,0.0979,0.5567
156,playing,7,379,0.0064,0.0897,0.5479
157,bidding,1,568,1.0000,1.0000,1.0000
157,bidding,2,2854,0.0133,0.6314,0.8807
157,bidding,3,1293,0.0092,0.2702,0.8138
157,bidding,4,1217,0.0029,0.1088,0.7640
157,bidding,5,1261,0.0014,0.0296,0.6921
157,bidding,6,1210,0.0013,0.0063,0.5867
157,bidding,7,1247,0.0012,0.0035,0.3232
157,bidding,8,1230,0.0013,0.0036,0.2379
157,playing,1,18308,1.0000,1.0000,1.0000
157,playing,2,9423,0.0001,0.0117,0.3467
157,playing,3,4735,0.0027,0.0666,0.6104
157,playing,4,2529,0.0053,0.1040,0.5920
157,playing,5,1516,0.0065,0.1161,0.6003
157,playing,6,879,0.0068,0.1171,0.5591
157,playing,7,370,0.0066,0.1142,0.5868
158,bidding,1,566,1.0000,1.0000,1.0000
158,bidding,2,2862,0.0117,0.6466,0.8807
158,bidding,3,1287,0.0088,0.3008,0.8184
158,bidding,4,1219,0.0034,0.1177,0.7599
158,bidding,5,1265,0.0014,0.0250,0.6730
158,bidding,6,1220,0.0013,0.0061,0.5107
158,bidding,7,1239,0.0013,0.0035,0.2905
158,bidding,8,1222,0.0014,0.0037,0.2472
158,playing,1,18355,1.0000,1.0000,1.0000
158,playing,2,9433,0.0001,0.0117,0.3338
158,playing,3,4704,0.0023,0.0629,0.6033
158,playing,4,2512,0.0050,0.1005,0.6095
158,playing,5,1511,0.0059,0.1041,0.6029
158,playing,6,862,0.0065,0.1221,0.5549
158,playing,7,383,0.0062,0.0926,0.5253
159,bidding,1,579,1.0000,1.0000,1.0000
159,bidding,2,2846,0.0117,0.6314,0.8807
159,bidding,3,1285,0.0078,0.2854,0.8135
159,bidding,4,1230,0.0033,0.1366,0.7423
159,bidding,5,1236,0.0013,0.0240,0.6597
159,bidding,6,1242,0.0013,0.0067,0.5623
159,bidding,7,1232,0.0012,0.0035,0.3295
159,bidding,8,1230,0.0013,0.0036,0.2404
159,playing,1,18274,1.0000,1.0000,1.0000
159,playing,2,9483,0.0001,0.0125,0.3293
159,playing,3,4665,0.0024,0.0652,0.5828
159,playing,4,2573,0.0054,0.1037,0.5964
159,playing,5,1504,0.0059,0.1004,0.5867
159,playing,6,873,0.0064,0.0959,0.5577
159,playing,7,388,0.0060,0.0850,0.4822
160,bidding,1,571,1.0000,1.0000,1.0000
160,bidding,2,2867,0.0110,0.6314,0.8807
160,bidding,3,1272,0.0088,0.2785,0.8207
160,bidding,4,1228,0.0031,0.1246,0.7462
160,bidding,5,1260,0.0014,0.0196,0.6598
160,bidding,6,1213,0.0013,0.0071,0.5446
160,bidding,7,1230,0.0012,0.0034,0.3704
160,bidding,8,1239,0.0013,0.0035,0.2518
160,playing,1,18375,1.0000,1.0000,1.0000
160,playing,2,9485,0.0001,0.0117,0.3338
160,playing,3,4688,0.0025,0.0659,0.6038
160,playing,4,2507,0.0057,0.1037,0.5924
160,playing,5,1466,0.0066,0.1124,0.6105
160,playing,6,853,0.0066,0.1128,0.5858
160,playing,7,386,0.0058,0.0731,0.5258
161,bidding,1,569,1.0000,1.0000,1.0000
161,bidding,2,2859,0.0110,0.6314,0.8807
161,bidding,3,1284,0.0076,0.2924,0.8137
161,bidding,4,1223,0.0030,0.1198,0.7284
161,bidding,5,1256,0.0013,0.0271,0.6654
161,bidding,6,1217,0.0013,0.0065,0.5422
161,bidding,7,1231,0.0012,0.0036,0.3240
161,bidding,8,1241,0.0014,0.0033,0.1978
161,playing,1,18243,1.0000,1.0000,1.0000
161,playing,2,9550,0.0001,0.0117,0.3204
161,playing,3,4629,0.0023,0.0640,0.6003
161,playing,4,2561,0.0051,0.0949,0.5834
161,playing,5,1512,0.0070,0.1056,0.5884
161,playing,6,871,0.0076,0.1156,0.5646
161,playing,7,394,0.0064,0.0725,0.5511
162,bidding,1,561,1.0000,1.0000,1.0000
162,bidding,2,2873,0.0096,0.6314,0.8807
162,bidding,3,1271,0.0102,0.2861,0.8138
162,bidding,4,1232,0.0024,0.1153,0.7268
162,bidding,5,1237,0.0013,0.0236,0.6757
162,bidding,6,1239,0.0012,0.0061,0.5393
162,bidding,7,1228,0.0012,0.0036,0.2545
162,bidding,8,1239,0.0013,0.0033,0.1932
162,playing,1,18300,1.0000,1.0000,1.0000
162,playing,2,9410,0.0001,0.0110,0.3384
162,playing,3,4794,0.0022,0.0640,0.6014
162,playing,4,2505,0.0046,0.0978,0.5606
162,playing,5,1480,0.0057,0.1067,0.5917
162,playing,6,877,0.0073,0.1198,0.5778
162,playing,7,394,0.0060,0.1021,0.5454
163,bidding,1,574,1.0000,1.0000,1.0000
163,bidding,2,2856,0.0117,0.6466,0.8807
163,bidding,3,1288,0.0093,0.2609,0.8145
163,bidding,4,1209,0.0030,0.1338,0.7493
163,bidding,5,1261,0.0015,0.0255,0.6627
163,bidding,6,1226,0.0013,0.0066,0.5680
163,bidding,7,1234,0.0013,0.0036,0.3573
163,bidding,8,1232,0.0013,0.0035,0.1537
163,playing,1,18306,1.0000,1.0000,1.0000
163,playing,2,9462,0.0001,0.0110,0.3476
163,playing,3,4724,0.0026,0.0658,0.6109
163,playing,4,2519,0.0043,0.0975,0.5723
163,playing,5,1513,0.0058,0.1075,0.6004
163,playing,6,850,0.0067,0.0994,0.5645
163,playing,7,386,0.0072,0.1041,0.5416
164,bidding,1,571,1.0000,1.0000,1.0000
164,bidding,2,2855,0.0136,0.6021,0.8807
164,bidding,3,1287,0.0081,0.2534,0.8205
164,bidding,4,1232,0.0039,0.1267,0.7447
164,bidding,5,1240,0.0013,0.0182,0.6254
164,bidding,6,1235,0.0013,0.0063,0.5542
164,bidding,7,1241,0.0012,0.0035,0.3272
164,bidding,8,1219,0.0014,0.0037,0.2147
164,playing,1,18314,1.0000,1.0000,1.0000
164,playing,2,9396,0.0001,0.0110,0.3248
164,playing,3,4694,0.0023,0.0609,0.5875
164,playing,4,2580,0.0057,0.0914,0.5977
164,playing,5,1499,0.0052,0.1090,0.5902
164,playing,6,892,0.0082,0.1134,0.5995
164,playing,7,385,0.0067,0.0680,0.5144
165,bidding,1,574,1.0000,1.0000,1.0000
165,bidding,2,2846,0.0125,0.6390,0.8807
165,bidding,3,1294,0.0077,0.2463,0.8071
165,bidding,4,1226,0.0032,0.1262,0.7246
165,bidding,5,1240,0.0014,0.0221,0.6766
165,bidding,6,1235,0.0011,0.0065,0.5712
165,bidding,7,1246,0.0012,0.0037,0.3319
165,bidding,8,1219,0.0013,0.0036,0.2402
165,playing,1,18302,1.0000,1.0000,1.0000
165,playing,2,9513,0.0001,0.0117,0.3293
165,playing,3,4723,0.0024,0.0635,0.6007
165,playing,4,2492,0.0049,0.0955,0.5882
165,playing,5,1472,0.0063,0.1141,0.5970
165,playing,6,880,0.0062,0.1289,0.5901
165,playing,7,378,0.0060,0.0873,0.5895
166,bidding,1,584,1.0000,1.0000,1.0000
166,bidding,2,2844,0.0149,0.6466,0.8807
166,bidding,3,1288,0.0097,0.2451,0.8156
166,bidding,4,1234,0.0036,0.1274,0.7345
166,bidding,5,1235,0.0015,0.0237,0.6466
166,bidding,6,1222,0.0013,0.0067,0.5181
166,bidding,7,1257,0.0012,0.0037,0.2910
166,bidding,8,1216,0.0014,0.0035,0.2137
166,playing,1,18349,1.0000,1.0000,1.0000
166,playing,2,9414,0.0001,0.0110,0.3279
166,playing,3,4625,0.0023,0.0625,0.5651
166,playing,4,2548,0.0048,0.0903,0.5818
166,playing,5,1521,0.0065,0.0900,0.5623
166,playing,6,905,0.0053,0.1062,0.5678
166,playing,7,398,0.0074,0.0664,0.5199
167,bidding,1,568,1.0000,1.0000,1.0000
167,bidding,2,2862,0.0110,0.6428,0.8807
167,bidding,3,1282,0.0099,0.2791,0.8200
167,bidding,4,1241,0.0029,0.1461,0.7496
167,bidding,5,1235,0.0013,0.0218,0.6787
167,bidding,6,1207,0.0012,0.0065,0.5696
167,bidding,7,1251,0.0012,0.0036,0.3382
167,bidding,8,1234,0.0014,0.0035,0.2113
167,playing,1,18340,1.0000,1.0000,1.0000
167,playing,2,9374,0.0001,0.0117,0.3384
167,playing,3,4681,0.0025,0.0682,0.6023
167,playing,4,2591,0.0056,0.0982,0.5690
167,playing,5,1516,0.0079,0.1264,0.6158
167,playing,6,893,0.0061,0.1119,0.5997
167,playing,7,365,0.0078,0.1128,0.6072
